-- phpMyAdmin SQL Dump
-- version 5.2.0
-- https://www.phpmyadmin.net/
--
-- Host: 127.0.0.1
-- Generation Time: Mar 28, 2023 at 05:17 PM
-- Server version: 10.4.24-MariaDB
-- PHP Version: 7.4.29

SET SQL_MODE = "NO_AUTO_VALUE_ON_ZERO";
START TRANSACTION;
SET time_zone = "+00:00";


/*!40101 SET @OLD_CHARACTER_SET_CLIENT=@@CHARACTER_SET_CLIENT */;
/*!40101 SET @OLD_CHARACTER_SET_RESULTS=@@CHARACTER_SET_RESULTS */;
/*!40101 SET @OLD_COLLATION_CONNECTION=@@COLLATION_CONNECTION */;
/*!40101 SET NAMES utf8mb4 */;

--
-- Database: `webboard_recipes`
--

-- --------------------------------------------------------

--
-- Table structure for table `category`
--

CREATE TABLE `category` (
  `category_id` int(100) NOT NULL,
  `category_tag` varchar(64) NOT NULL
) ENGINE=InnoDB DEFAULT CHARSET=utf8;

--
-- Dumping data for table `category`
--

INSERT INTO `category` (`category_id`, `category_tag`) VALUES
(1, 'อาหารไทย'),
(2, 'อาหารหมา'),
(3, 'อาหารแมว');

-- --------------------------------------------------------

--
-- Table structure for table `comment`
--

CREATE TABLE `comment` (
  `comment_id` int(100) NOT NULL,
  `comment_content` varchar(200) NOT NULL,
  `comment_time` datetime(6) NOT NULL,
  `user_id` int(100) NOT NULL,
  `post_id` int(100) NOT NULL
) ENGINE=InnoDB DEFAULT CHARSET=utf8;

--
-- Dumping data for table `comment`
--

INSERT INTO `comment` (`comment_id`, `comment_content`, `comment_time`, `user_id`, `post_id`) VALUES
(13, '1. กำหนด size รูปภาพ', '0000-00-00 00:00:00.000000', 8, 97),
(14, '2. ลบรูปภาพได้', '0000-00-00 00:00:00.000000', 8, 97),
(15, '3. ลบคอมเม้นได้', '0000-00-00 00:00:00.000000', 8, 97),
(16, 'wow น่ากินสุดๆเลย', '0000-00-00 00:00:00.000000', 6, 98),
(17, 'ลบคอมเม้นนี้โหน่ยยยย', '0000-00-00 00:00:00.000000', 4, 99),
(18, 'อยากมีเมียวะ', '0000-00-00 00:00:00.000000', 4, 99),
(19, 'ท่ดๆ\r\n', '0000-00-00 00:00:00.000000', 4, 99),
(36, '3', '0000-00-00 00:00:00.000000', 4, 101),
(37, '2', '0000-00-00 00:00:00.000000', 4, 101),
(38, '1', '0000-00-00 00:00:00.000000', 4, 101),
(70, 'dd', '2023-03-25 15:33:33.000000', 5, 99);

-- --------------------------------------------------------

--
-- Table structure for table `images_post`
--

CREATE TABLE `images_post` (
  `id` int(11) NOT NULL,
  `image` longblob NOT NULL,
  `created` datetime NOT NULL,
  `post_id` int(11) NOT NULL
) ENGINE=InnoDB DEFAULT CHARSET=utf8;

--
-- Dumping data for table `images_post`
--

INSERT INTO `images_post` (`id`, `image`, `created`, `post_id`) VALUES
(14, 0xffd8ffe000104a46494600010100000100010000ffe201d84943435f50524f46494c45000101000001c86c636d73021000006d6e74725247422058595a2007e2000300140009000e001d616373704d53465400000000736177736374726c0000000000000000000000000000f6d6000100000000d32d68616e649d91003d4080b03d40742c819ea5228e000000000000000000000000000000000000000000000000000000000000000964657363000000f00000005f637072740000010c0000000c7774707400000118000000147258595a0000012c000000146758595a00000140000000146258595a00000154000000147254524300000168000000606754524300000168000000606254524300000168000000606465736300000000000000057552474200000000000000000000000074657874000000004343300058595a20000000000000f35400010000000116c958595a200000000000006fa0000038f20000038f58595a2000000000000062960000b789000018da58595a2000000000000024a000000f850000b6c463757276000000000000002a0000007c00f8019c0275038304c9064e08120a180c620ef411cf14f6186a1c2e204324ac296a2e7e33eb39b33fd646574d3654765c17641d6c8675567e8d882c92369caba78cb2dbbe99cac7d765e477f1f9ffffffdb004300060606060706070808070a0b0a0b0a0f0e0c0c0e0f1610111011101622151915151915221e241e1c1e241e362a26262a363e3432343e4c44444c5f5a5f7c7ca7ffdb004301060606060706070808070a0b0a0b0a0f0e0c0c0e0f1610111011101622151915151915221e241e1c1e241e362a26262a363e3432343e4c44444c5f5a5f7c7ca7ffc00011080224028003012200021101031101ffc4001f0000010501010101010100000000000000000102030405060708090a0bffc400b5100002010303020403050504040000017d01020300041105122131410613516107227114328191a1082342b1c11552d1f02433627282090a161718191a25262728292a3435363738393a434445464748494a535455565758595a636465666768696a737475767778797a838485868788898a92939495969798999aa2a3a4a5a6a7a8a9aab2b3b4b5b6b7b8b9bac2c3c4c5c6c7c8c9cad2d3d4d5d6d7d8d9dae1e2e3e4e5e6e7e8e9eaf1f2f3f4f5f6f7f8f9faffc4001f0100030101010101010101010000000000000102030405060708090a0bffc400b51100020102040403040705040400010277000102031104052131061241510761711322328108144291a1b1c109233352f0156272d10a162434e125f11718191a262728292a35363738393a434445464748494a535455565758595a636465666768696a737475767778797a82838485868788898a92939495969798999aa2a3a4a5a6a7a8a9aab2b3b4b5b6b7b8b9bac2c3c4c5c6c7c8c9cad2d3d4d5d6d7d8d9dae2e3e4e5e6e7e8e9eaf2f3f4f5f6f7f8f9faffda000c03010002110311003f00f9528a28a0028a28a0028a28a0028a28a00b5b3f7750a7deab289f2531fe57a0085fad59893e5a67de6ab9127cb419d4a852a8aacca9558f5a0aa64d50b538d35a836a84745145066145145001451450014514500145145001451450014514500145145001451450014514500145145001451450014514500145145001451450014514500145145001451450014514500145145001451450014514500145145001451450014514500145145001451450014514500145145001451450014514500145145001451450014514500145145001451522500598a54dbb76512a6df9a9907deabb729f250055d9fedd69db27c959abf723ad6b3a0cea15e58bf8ab35fefd7452c5fc3581729b5e833a456a4a5a283b08e8a28a0cc28a28a0028a28a0028a28a0028a28a0028a28a0028a28a0028a28a0028a28a0028a28a0028a28a0028ab489baacfd93e4a00a151d5a36d2d43f75a8023a28a2800a28a2800a28a2800a28a2800a28a2800a28a2800a28a2800a28a2800a28a2800a28a2800a28a2800a28a2800a28a2800a28a2800a28a2800a28a2800a28a2800a28a2800a28a2800a28a2800a28a2801f452a515a011d489f7a8a9ab3004ff595acff003a564a56b6c7f268333313fb95d0587fabae7fee357536c89f6789d13fe5950675495137bc5589aaa6d92b7e049767fb755b55813c9fb941cb4ea7ef4e268ab5f22eff0092a1a0f488e8a28a0028a28a0028a28a0028a28a0028a28a0028a28a0028a28a0028a28a0028a28a0028a29c2801b4549f25094006fab314b2eed94cf92a4825895fee5006ddb5a4af244f4fb9d237f9ae9559350fddedfb95a76d7b17f1bd69ecc0e6a7b2961fbf549aba5bff002a6fe3ae7244d8d5988868a28a0614514500145145001451522500474548f51d003e8a28ad04328a28acc61451450014514500145145001451450014514500145145001451450014514500145145001451450014514500145145003e9692a744ad009112a736d2aa6ed955c322d753b22b8862444f9fcaaeaf666750e369d576f2d9e16f9ea862b96a5334a750b5ff003ceba489226b6ae5f66daeb2cd3fd1b7d148e7aa61dca6d7df5d0d826f86ab5fda4be4c4dfc15269d2a797b7f8ab4f6672d4a9fba34a04fde51789e724a9523f9bbf750892fef59e8f6672fb5386bb8bca91d6a856feaa9fbeac226b9cf62910d145141a051451400514514005145140051451400514514005145140051451400514514005145489f7a8004a9911dfee5435b961e57f1bd682297f67dc6cdfb2ab3c4e95dcfdb6cd2da247ac5b99ede693e44ad29d323da181fec51f3ad5978bfb8952416978ff00711ffef9ad80a5be5fefd43bab4e7b2bc5fbe8ff00f7cd52f2a55fe0ae5342ad1454959811d145140051451400548951d48940035252eeab0913befdb5a015a8a7ec7a650219451456630a28a2800a28a2800a28a2800a28a2800a28a2800a28a2800a28a2800a28a2800a28a2800a28a2800a28a2800a28a2801f53a54295341f7ab401ee9b2bb7d1de264895ff00e7957233ff00abad7b0774f29ebbb0c73e20dbd6eca274dc95c0ca8e8f5e97bfce876d72faad96c4dfb2b3ad4c9a550c07e9156f68f2ee7daf5ced5db27f2a6dd581b543a8bffb9b12ab5826d7abd07ef9f7556953c992b73cda86fecf937556d9fc1566cdfce876d45ff2db6d1eccf3ff00e5e981aac5f26fae3dff00d657a36b107fa34ad5e7b3fdeac6a1ed610ab45145739d814514500145145001451450014514500145145001451450014514500145145003e95692956b41054d124adf728d9fbbad2d3ade599f62a5694e98812095a3892aedb69f2ff1a57a6e99e1b8becd134db37d6b4f65a5c30fcfb2b6a74ce1a950f297782de4dce95a56de21b04fbf0552d6dec3cc97c97ae41e8a86940f499fc49a5ecff515817fa9d84cbb9136d71b536cf937d607584afba4f96a17a993cafe3a85fef560323a28a2800a28a2800a92a3a92800a723be78a6d6fe856915cbcaaf5a0159fcafb36ed9f3d64d7a05e685e4c3bf67c95c44a88afb680295152547598051451400514514005145140051451400514514005145140051451400514514005145140051451400514514016a544fe0aab56a7fbd50ff0005004752254745005adf2b7f1d7516cf16c8bfeb957215a114aebb3e7aeac3d4e533aa77303c5b3e4a8ef22f3a1daf54ac2eeba383635777f10e1fe19e6f7307932556dfff007d5753ac597cfb912b936fbf5c35299d54ff007876ba73eeb489d3efafdfad2b98a29adb7a27cf1fdfac4f0f3a79770bff004cab6f4aff0053768fff0000ad299c757f8a32c25fde7fb0bf23d6fde5a45e4ef44d8f5cb587ca9709fc7e6d76d6ce8f6db1e99ce73ee9bed2557f9debce2f536ccf5ea93c5fc295e71adc5b2f25acaa1d58439fa29c29d5ca7a4474514500145145001451450014514500145145001451450014514500152254756b65001b2acc1a7dc4df713756fe95a7c537cef5d645f63b4f99111deba29d339fda193a6782ef2ef63be512bd2344f0bdbe9cf135cec77ae59fc43aa226db581ffe0145b4fe2abb7f9e07ab11dbeabade970bcb0a6c4758abc735dd51da495617f92bd46c3e17eadaabfda9f7a6faefac3e0edbfeebcfff00c7e9fb5153a67c85b2799bee3b351f669bfb99afbaedbe146890a7dcf9aa47f85fa4b7f02573fb4363e164d3ef266f921ab29a26acdf2f90f5f79d97c39d12dbf852ae3f82748dd17ee12b3343e047f0f6a8a9bfc87ace9e2961f95e174afd0db9f05e9cd1ed483ff1cae26ffe17d85c3eef21365007c3a7e951d7d69ac7c1b8a64ff464ff00be2bca751f855abd93bfc8fb2803c940a3e4aedee7c217f0fcbb1eb12f7c3d7f64bb9d28030feb450d495a00b57eda79617dc8fb2a923f35bfa5bdaaf9ab71fc5f737d69480e8d35496eed3c977f9fcaae3ae6da5866977a576b61a5c533ef85fe4a96ff004f8993e7ad8c8f32a12acdcc5e53baff00b754ab84d428a28a0028a28a0028a28a0028a28a0028a28a0028a28a0028a28a0028a28a0028a28a0028a28a0028a28a00b4ff003542953555a0028a28a0092a6fb9556ad3fcd401ad677291795f3d76b60f2bfce95e6c86bb8d12efe4d95e951386b9a37e9e724a9fc75c0de5a4b0c92fc9b56bd1dd37fcd581aad94acb5b54a66742a189a53f937312ff007abad7ff00479a24ff009e95c2c1fb9b94dffc35dd5ffcc96937f762ae634aa497368f69776eae9b11a2df5677cb0beefe0ab37fe6dc5ac537fcf18aa34ff488765070969258ae3ee7dfae23c4913a4d2b6caeb6283c94ac0d7fca7495ab2a86984fe29e7ffc74e3b29bfc751d729ec051451400514514005145140054d8dd50d49400ed8ed50d4851d68f7a0028c7cb533fccfb56874751f33d0055a92aca23b0d891ee6ff76bb2f0ff0082354d5668bf76fb3fdda00e322b69e76c2266bd17c37e06d52ee689e683e47fb95f4af84be1769d656913dca7cffeed7a759e8da6da7c9147f76ac0f9da2f8713ec8bca4aebb4bf86717ee9ae52bdbff74bf2fdda9129fb439ce06cfc07a5dbfdf811eba5b3d0b4bb6fb96a9ff7cd6fd1599a15a28921fb91222d3dff00d5d4d51d068222cbfdfa4f9ea6a750057f9ea74fb94b4500155ffe015628a0081be54f962dd54a7b14b8fbf056951401c45ff85ecfefa25703adf85ecdd25474d95edeee9f71ab0351d3e29925f92b3a9500f8ff005bf05448f2fd992bcbaf74dbcb2f37ce4d9f3d7d9ba8e9116f95b65795f8a74082ee197627cf59d3aa687cde11ea58911bf8f6d6b5fe897968d2fc9f2564d74199d469dac5c5a794a9f72ba34d420b94f9dfe7af34f9e9e9773a569ed0cfd99ada8a7cf2ecfb95ce569c4f2ccfb1deb41f4bfddeeaccd0c0a8ead4a9b6aad00145145001451450014514500145145001451450014514500145145001451450014514500145145005aa85ea674db46cad3d981568a28acc02a46a8e8a009aba3d1e5fde5735f7ab4ec25d93455d187fe299d5a7ed0f4cb6fb9bea8dcf94ef5651ff007313a54d3da44d6dbd13e7af629fef0f2ff8271baad94abe54c895ada64ff6bb5d9fddab33f9b71a7cabfc7e5564e852f9334a8ff23ff0570d4a66ded3da523b28137d8cb0ff001d5089fc97d957ed9e557955fefb7dcae79de54bcf9ea0e53a17f9e4db5c8f892095536d749e7c5fbad9f7eb13554b8b9495deb92a5434c27f14f37a92a69536b6ca8c6cc5667b043451450014514500152534558df4010d3bba5377bd4c89ba801c81e6645addbcd1a5b7b6493fd8a8b42b649354b757fbbe6d7d0fa9f84edeef498b627fcb2a03da1f2f6c7dff00256959e97757573126cfbf2d7b5689f0da29a6def03d7b4e8ff0e34bb7789de0f9d7fd9a0cfda1c2782be1440d0c535d27de8abdf74bf0fd869d0ed860ad2b38a2b787c944dbb6b462e941a15fff001da63a47e66fa9f651b12811027954ff0093eed49b29d4005145141014514506814ea6d3a800a28a2800a28a2801b451450042e9f3531d12acd42e88eb5cf52981cede5944de6ffd72af28d6f47961795d3e7af6c9522ac0d474ff00925f92b97d9fb303e6ed46ca29a1955d3e7af1cd634896ddf7a27c8d5f4debfa44ade6ba25792ea3a5cfbf6ba7c9fc15a53a8078e3fcbf2d15b3aa69f2a492becac0aeea421c8eeadbaacfdbee31f7eaa7cf51d032d4b2caff007eaad14500145145001451450014514500145145001451450014514500145145001451450014514500145145005d9684fbb4c9fef509feb2ba80254db556ad4f50d72811d1451401254c9f7e2aab5327dead2901ea9a73c4f6912d6b44f16dd8f5c76853cbfba5fe0aec5d3e4de95ee614f0f1664de7fa25dc4dfc0d2d66eb165f679a2bd853e46f9eba5b9b48aeedbe4f9dd6b32cff00d2d25b6b9f91d7ee515429d5228aefce9ade6ff9e717cf55ae5e27b9969c903dbcd2c2ff00f00ae72595e1b9ff00b6b5c352987f18e85125df17f72acdfbfc92fc9ff2caace98914c913d695cd945b37d70d434fe09e457e9fbe7aa15d4eab69fbc97625730e31599ea52a84345145068145145001526fa8ea4a002ad5b412cd25554adcd2a096679553efff00728035b44b2b8fb5c4c8ff00f2d6beb9f0b5a4b7363123ff00cf2af25f067842fee1e26783e4fefd7d29a3e95f6385377c94199a767a7dbdba7c895777c5f769e946cf9f7d00095629b4ea0d028a28a0028a28a0028a28a0028a28a0028a28a0028a28a0028a28a0028a28a0028a6d3a802bba5529e279a3dbb2b4ea84f2f929bab96a01c56b1a7ec495f65794dfd979cf2a3a57b95cddc5709b2b88d574f893e64fbf5801e17e21d0226495d2bc82e6ca5866977d7d55736913f9a8f5e39e30d3e287cd64af469199e38ff79ea3a91fef54741a051526ca8e800a28a2800a28a2800a28a2800a28a2800a28a2800a28a2800a28a2800a28a2800a28a2800a28a2802edd7dea80558fbf557bd7401652ab3d594aacf5ce04745145001527f1d475220dcd401d4e9173b1d2bd260fdf2455e456cfb5abd2f4a9f7a455eb610f1716696ffb3f9bfed563bfee66f3ab4af13f7716caa52a6e876a7dfaf43d99e7d316e525b84fb4ff001a570979e6f9db9ebd134ef2bc996d9ff8ab0f5bd2fe495d12b96a533d2a41a3ddfc912d74bbe568f63d79fe88fe4dced7af40778befa579b502b99b79a5c4c92bd7996a369e4ceffddaf567f35d36d723aada7c92becae536c2543847a12a67aab41e9123fdea8e8a2800ab89b36ed67aa75d0695a15e6a73a476c9be8025d1344bcd4ee628d137ab57d4be0af8516f6c9e65da7ccdf3a6ead3f86fe064d3a289ee20f9ff00db5af70d9b55113e55a00a5a7e996d630a46957766ef9ea5a5ff00569400945145003a2e9451174a2800a28a2800a28a2800a28a2800a28a2800a28a2800a28a2800a28a2800a28a2800a28a2801b55a586278e55ab355a079767cf401cd5cd9793e6becae12fef6557952bd82e111d1d6bcbbc49a5ecf992b8ea53038d77dfe6b579378dfcd5f376257a3cb77f677955eb9bd6120be5ae8a4667cf33efdd50ff056feb7a7fd9df727dcae72b43424f6a8e8a2800a28a2800a28a2800a28a2800a28a2800a28a2800a28a2800a28a2800a28a2800a28a2800a28a28034e744864dab559d2b5b534d9356637ccb5d6662c5f76a37a7c5533a6fac00cca92822a6accd087654c9f2bd4345005f4fe06aefb447fdcc55e71bebb3f0ddcc5bfcb7af4b0870e2e99d9cef2ac313ba7dea659a44f1ee7fbf45e3cae9b29fa7244ff23d7b14cf0ffe5e99bbd13508bf812b72fe095ada5644df566ff448a6b695a17f9ff82acc09f67b1d933ef7f2ab3a875523ca5d1219a56dfb1aba5d2a5966b6899ea86bf65b165644ae5a0d565b7b6f253fe7ad78750eea74fda1e9b3ddd9db43f3bfcf5c0eabadcaef2a227c8d5813ea17137f1bd54f7dd5ca7753a14a98cdced51514506849b7e4cd1f250953226f78956802cd859cb7b7314289f79ebecaf865e06b7d3ade29a64defe57f1d701f0c3c1514c915cba7fb7f3ad7d496491430c51aa22ed4a404e9e529d8a98db4e47dcce94889b59da84d9bddea00b14ea28ad006d14ea2800a28a2800a28a2800a28a2800a28a2800a28a2800a28a2800a28a2800a28a2800a28a2800a6d3a8a004d95154d4da008eb1351b28ae13e7ae81fee565bf9bb3ee50078eebfe1e89fcd7de89ff01ffa6b5e6f79a7cb6fe6ec7dff00bdd9f76be8cbfb495e4fdda7989e57df45ae5aff004f464f9f7a7ef6803e5cd6eca5b88773d79a4a9b5b657d4bac681bd2554477fdd7f76bc5355f0bdc2cd2b6c9ff00ef9a4079dd15a72d94b0bec747ff00be6b3298051451400514514005145140051451400514514005145140051451400514514005145140051451401d4ebc9b26ac34fbb5d4eba9bbee5727fc55e954a7ecccc22ab89e5566d5f81eb0342bcbf7aa0ab2ff003541515299a0da9aaad4895ce664c3655dd3a5f26e627accab086ba295433a87b0a3c534313ef4a9ed925dfbfee5727a3cbbadadd37d777e46f862af629543c7c4d32ca25c6cf91eb32fed2f13e677aea74af2a14d8ff3a55dd4f4f8bf74ceff00baa2ad439697f14f2ad4f54b75b696174f9ebccee5d1a6f913657a078c1f495936db23effefeeaf3b7ff00595e1d53dcc21568a2a4fe0accea23a28a2802d27dd95aba8f07e9ff006bd5e14d9bd6b97dff00bbaf70f84da5efb989dd3fe5ad007d55e18d2e0b0d2e2544f9bcaaea12a959a224312d69d66056777ddb5529f126da9a8a007514515a0051451400514514005145140051451400514514005145140051451400514514005145140051451400514541e7fcfb68025a2a31134997dec94dd92d000eefb7e4acf9e79767dfad0d9fdea63c116cfba9ff007cd0064fda24f2f66ff93fddaccbc489fefa7fcb5df5ad3ec54fb95933f9adfc7b3f7b401813d927f713fd57f7ab88d634f89d25f912bd4654899257ff00a6558b2d944fe6ef447ff80d007cc3aee89124db9113fd6c9ff3d6bce2f2cbc96ffb655f556b7a244df3a26cfdec9fc35e27ade9696ef2a3a23feebefeda40795989d6a1adcbf8b679abff004d7fbb5874c028a28a0028a28a0028a28a0028a28a0028a28a0028a28a0028a28a0028a28a0028a28a00efef3f7cb5cbdcc5b2bad9d254f9765626a306d5df5f418b398e69ea647a8f6549f76bc7ff0097a74965137544e952c4ff00ec5452bfcd2d7454fe10156a64f9aa1df4e47db5e78891ea1dd43b6ea4aaa633a6d1aedfed312b7dcaf67d39e29a3896bc0ada5fb3c88fd6bd6b47d63c9b68a6d9bdff00b95eb52a879b8aa6759737115a3ef74de9581ac6a978ef13efd90d6dd9cb67a9beeba74445f9f63d79c78afc4314cf2dadaa7c89f26e5a2a543869e12afb52e6bb77e1c7b4899111e6ff007abcce5d8df356de8fa5fdba8d62ca2b4b9744f97f755e5d53dca7fbb39a7a8ea47fbd51d6668145145005a8937c912d7d55f0bac912189abe55b7ff005d157d4bf0c279664893ee5007d1b126ef2be7ad6accb34758d3e7df5a75980514b4b400514515a005145140051451400514514005145140051451400514514005145140051451400514514008efb054265cff00aa547a99d37a545fbb8beea500495133c4bfeb1eaacb3cbfc3f2d67ffc4c6693f792aeca00d6fb5c1fdfaadf6b97f8112aaf952f99bdf63ff7ea69e7b744f9128024df3cdf26c4a85fcd8d3e74db59b3ea1e4fdcf313f83eec559f378851e3f9b7bffc022a00d19658b67dfacd7bb8bccfbf54a5d62dda195f63efff0076b9efed74df2ef47ff5bfdd8a803b77ff0057ff006caa8bff00aca8edb508a64f9f7bfef767ddab3fba7937ecf9280326f12274d95e7fafe809324afb3fe5957a25cfdf9767dcf36ab5cc5132cbf25007ca9e21d21d5e5f91ff00d6c7fc5ff4cabcf6e5364d2aff00b7257d31e27d13cef35d3e4fded7cfbaed93db5cbaff00d35928039aa2a68d11bef3e2a4d89fdfa00ab453eadc5692ccbb92802a5153ba3a3ed7f96a1db5a011d145159805145140051451400514514005145140051451401e992bc5beb2755d8e952ceefe6550d4fcdf2ebe831672e18c09767c94c7a1ff00d5d0f5e4ff00cbd3a8b307dea85d3f795341f7aa4d9f3d6a052d950b55996ab357254023a28a2b302d0f996ba3d2af6557895dfe4ae710ff000d594f3617df5d14ea199d46a3aa3aacb0c2fb377f72b02c20fb43c9bfe7aad3bcb33efadff0dd94b70f2becf92ac0347bb96d2f257fe0a8b5dbdfb45f4adff4caaf5e4f6f68f2aff1d725732f9d36e5a8a8055fe3a2a3a2b9cd028a28a00913ef57d57f08937a44d5f2a27deafae7e0c27fa244d59d403e8683fe5955faab17deab5400ea28a2b400a28a2800a28a2800a28a2800a28a2800a28a2800a28a2800a28a2800a28a2800a28a2800a28a2800acbbfb0fb5f95f36ddbfecd6a552b8ba8a1d9be802b663b7471bfccfe3fbdb2aa4faa41fdf4ffbeab9eba9f5a67ff8f58b6795b1df77ff006cac5bfbb82dfe7b97d8fe6ecfbb401b57fadc489bf623a7ef37beeae725f165becf9113fefb8ab9ab9bd9efa47b6b144937cb227cff00baff005bfbb8bfd6532dfc19e2376d9f62ff00c8d17ff17401ad73e2cb787e6f211ffedb7ff6154bfb42deefe5de89b7fdaf369fff000aef549befdaba7fb93455ad6de009d7f826ff00bea2a00e765f295e25f3d1f745fdeac7bc82574f911dff007bfc095dd5e7826f13e6446748e2fe378ab9c96d354b77953c8fb92ecf9da2ff00e2e80312c35496148bceb5d9fbdfe36f2abb5b3d5eddd22447477fee23570379e6bbc48e9b11a2f9f6569699696f0c715ca3bef5f33eff00dca00f4d4789d227ff00a65525b7cf1edd9ff2d6b26c2ee2d9f7ff00e59475b717c8f12ffd35a00c4d62ca264fb95e15e30d0a2d92ba27cf5f4c5cc114c917ff00135e5de24d1e57495365007c97731792fb29889f2eeaeebc43a24b0f9af5c37ceaae940881abaef0dbc4efb1eb91adcd09f6dfc5401ade24d3fc9bbde89f27955c7ecaf61f125944f6714dfc7e55797ecf9256ae8ff97433228a97fbf51573805145140051451400514514005145140051451401dfdca6d7f9eb375178bc9adbd61363efae3af2e377c95ee62ce1c214aa15a284fbd5e39dc59fb8b5693e648aaabfdda227f9b15b816a74f92b31fef56b3a7c9592ff007ab0a8047451456603e9775145680594f9df6d76567abc569692a6cf9eb8d89fe7df4c977b3d1ed00b37f76f71732bd5071b5aa6d9b57754359811d1451400514514016a2ff59157d55f05bcd9ade5d8f5f27a57d73f01e0d9a6caefff003d6b3a807d0d6c9b21891fefd5faadbffb9526effa6a95a013d3699f27fcf68ffefba45789ff008d3fefba00929d45140051451400514514005145140051451400514514005145140051451400514514005151bbecae6f53d6ace08654f311dfca93e5df15006dc9771a7547ae3e6d42269a5fbfb5659365709a9eb71379bfb8ff009e7fc55c75e6bf12bc5f223eef33f8a803bed63c4917ef5217b946f2be4d8de57ef7e7ff006eb3747d1b52d6177fda9195d247fde3caff00eaa5f2eb8ff0f595fdc4d6f37d8a7d8b3c7bdb6cb2ff0072be87d39fecf6114127de8fccff00d1b4014b47f0f5b5843fbdb5b666f2a3f9d17fe7957539b64fe04ffbe2b2defe2acd7d522fefd006ff00da28fb4572efaa45fdfa8ffb53fdba00eb3ed1137dfacfbcb4b0d9bbecb03ffc06b1d350abde6f9c9b37d0079fde787a59925744b6f962feefff00615c9bc12dbcd2c2eff22ff027dcaf679d2244ff005fff002cbfbb5ce6a3a5cb3432b6ff00bde5ff000d0072361771224abf3ffcb3aea5de5478be77ae5bfb3e785a5f91ff00d6ff0076b5a278993f83fefaa00ebb4c9e2fe3dffeaaaedce9f15c432b6cff009655cbd9bec7ff00b655d8d9ddc4c912fc9feaa3a00f9d3c73e1e951256d95f385e40f6f712aba57df7e24d2e2bbb697e4af93fc61e1b961795913fe5ad066792d5fb097c9b989ff00e9ad5674dafb5a87fbdbe8343d8def62bfd0e24fbeeb5c4416915da4aa89f76b7fc1ef6ef04b0bbffcb2ab3a7416f697d77bfee7955d14ce1f69fbd3ccae62f26578ff00bb546ba2d6e244beba64fb9e6fc95ced739d94c651451414145145001451450014514500145145007ad7892d1d965911ebcca5ff00595eaf7e92cc92a57995ec0f14cfbebd6c59e6e10a4e9b6a1fe2ab289f2556af34f48b2ff76922fbf9a57fbb4cfe2ad29199adff002ceb25ff00d656845feaea8cbf7ab6f666857a4a5a2b96a011d14515981683a2ff00050efbaaad14012ee76a8a8a2800a28a2800a28a2802d45feb22afb4fe0b69f2c3a06edff7abe2c8be678d7fdbafbbbe1746f0f8662f92803d103caa25477ff96b43bcbfdfaa0f3ffe8da67daf6ff07fe3f4017364ad1fc951a25e2492f97ffb4aaf59cfbd3ee7fcb2abbb22fee5005589dd7fd73d5dff006e98e9bbfd9a991360a005a28a2800a28a2800a28a2800a28a2800a28a2800a28a2800a28a2800a2b2751bdfb226ed9bbfd677af38d5fc72f0f9c82d5d76ff00726ff73fe995007a4dfdec10a7cefb7e7d95e25adea903bcad0cff003f91f27cbff2d7e7ae3af3c637f35cca9fbed9e6c9ff002f12d61dcdecaf6d2b3bbef58a4fe2a00d37bbb89976bbef76fbff002d52b3d227be7b877837a2cbf27cde57faddf5c8d9dddc5c6a1143e7ba27ef3f8bfe9957d11e1bd3ececf4ff0039f648f3411fdf862ff9e5401d4585959e9d0ca890796fe6effbd45e6b112ff1d606ababedfe3af3fbfd6ffdba00edee75ff00f6eb0e7d7ffdbaf2fbcd6deb0e7d5e5a00f5f7f10ffb7426bffedd789ff6c4bfdfa9135897fbf401ef76dadffb75d159ea9fedd7cfb67adbff007ebb2d3358ff006e803db22bbf3be77ff9e55751f743b7f86b84d335089ebb7b3789fe4f9280295cda3b3fdcff009e9fc558896912a6e74d9fc7f7abd11208bfcad73da9da448fb3fe997f7680315367f07dfae8f4e7899366ff00f9e75c9fcf0bcbf3efadbb0f37ccddbffe79d0074172917932fcf5e37e24b28a6fb426caf63fbc92a579febf69b5257d95a199f2678a74b7b7bb95d3ee571b5eede24b28ae125f92bc4ef13ca99d2b32cd9d1af3ecf7516ffb8cf8aecf5fb47852dee51f623579c40fb5e2fef79b5ea1ac5dfda340b774fe1a08f6471de2144586ddff008dab8dad77b896ee0dadfc159141a05145140051451400514514005145140051451401ebd737712cdb6b9cf10db26c89d2b7e78a269b7d66eb714bf66fefd7ad8b3c9c21c527dcd955bf8a9f17df7a63d701eb03d42d532543fc550234e0a8ee7eed09f2a53e7f9d2bac666d1535415c9500434da28acc028a28a0028a28a0028a28a0028a9128d94017f4f4dd796fff005d63afbdfc0cbe4f87234ffa651d7c096dbd65888ff9eb1d7dd3e089e59bc2b1323fdc8a3a00dfbcbb8b67df4ff5b59316a1123c49be04fdeff7aa86ab3cbb3e47ff0096b5c0dceb12c37317ceff00245bfeec5401ed90794df71f7ffc0eb5ada5d89b6bc42cfc5f2a7f1cff00eabfbb1575161e3189d25de93bedf2ff00862a00f6246df4fae5ed357475cfef36efff00a655ae97b1347bb63d0068d1553ed716fab740051451400514514005145140051451400514514005636a5a9c56716ff32046ff006daa3d53548ac2172627ddf7ebc3fc61e2b94bcbb1e64fdec7f7d62ff9e5401a1e27f15f9d6d1279d66ffba913e46ffecebc62f2f659a697e44f9bfb9589797b7933c3f3fc8b2fcff2c55b167692dc2c5b1d37b7f7e802efdb5ede189d363bfdcdbb6ae58787a7d5e6b77b9b5b94fdec69f22ffcb2ff00be3fdbaea741f035d5c3a3dd496cf13db6f44dd2a3ff0007fd33af63fec8d2f4e87fd1a0447f377fdf97fd6d00727a3f86ed74c86ddd1ee51e1f33e597caff0096bbff00d8a355d53626c47ab3aaea92ecf9dfe7af32d5750f9e8023d4f50dff00c75c2dfdecbbeacde4f2bbfc8f58ee9bfefd00529e7dfe6d66bd694b07f72a93a4a9f7e8029d3fcda366faacf401760bbd9fc75bf61a87cff7eb8adf566da79564a00f75d1354ff55f3d7b1e8977bbcaaf9af44bbf9e2af73f0ddc7faaa00f63b64899299736ff0024bb3fe795166ff256838dc9b2803cc2fd36b4bf7ffd6d167e523eff00fae75b5aa58fcd2c9ff4d63ffd15581179a934a8eff22cb401d759beef93e4ff005b58fadd945358caa9566c1f6bc49f3d59b9495ada5fbf4199f33eb704a934a95e27aec1e4ddd7d55e2dd2e2d92ba27cf5f3cf886cbfd6becf9eb403857fbd1d77da55ec571a5cb0bff0455e76f5bfa3dc222cab599a14fcd8a16b84d95915afaaf95e77c95914005145140051451400514514005145140051451401ebd3a4b0cdbddeb3758d522fb36cfbf593aaea92b49f23d7313caf2d7a552ad2a879b84a1ecc699537bb6caadf7aa67d9b7e5a112b84f483ee545bb9ab3557f8a802ca55afbc9b6aaa55a83ef5775302aca9556b51d2b39c735cf500868a28ae500a28a2800a28a2800a28a280244a1e84a2802d0ff53ff6d6beb3f845abfda34396db7ef7af92137edaf70f8457ae9a94b6acff003795be803d8bc43772c292ec47ff005ffdeff7ebe7dd57549f7efdeffeabfbd5effe21d3e59bcdd89bff007fbfef7fbf5cf59fc3682fd36dcbdca3bcbb3e478bfd57fdf1401f3ea78a2e2ddfee3bff00db67ae974bf1a4bb65fdc3ff00cb3fe3ff00ec2bd5b50f815137fc7afdb9be7fe396debceb5bf839e2ab074f274b91d19fefbdc41401e91a3f8e679be5fb2bfcd2c9fc7ff4cbfdcaeeecfc48ef0c4fb1d3fe055f1faaea5a64e9e74088fd7fbfff004cff00bf5a16de31bfb76f2f643b17fd97ff00e2e803ec64d6e5fdd3ec7ffbeab4e0f114cf27dd7ffbeabe5db0f17f9d0ed7f2137451a7c8b2d5db6d5e2fe07f9bcdfeecb401f575aeb7e77fcb0ffc7ab67ed63fe79ffe3f5f2726bfb3ee6cff00be65ad783c63710bfce907fdf32fff0017401f51a3ef4a5af14d13c61e735baef87fe5a7dc497fdbaf57b3be49a38be7ff00965ba80352a0f33fd23654b55bcf87ced94016e8a29bfc1400ea8267db0bff00d73a3c98dbe7dd5937d14ca923c09bdbf79f79a80384f13caec92aef74fdd47fc5ff004d6bccaff4b4b97dcee8ff00bdfe35f36bd0358bbbf47d8f04089e547bdffedaff00bf5cd4f3dc4c9b1137d0079dbe856f33dba6f44fdeff0076bd2bc37e13b3ff0044dee8ff00eb3efc3fefd68787b40b859a5799366d9637f91a2af449e78a1b6d9bfe75a00a56d696f6cfb3fbb16cfbb59bac6a1b525a8eff00579563f9365796ea33cb34d13ba7c94006abaa4afe6d71572f2b79b5ad7f3d9af9bbe77df5c6de6a8fe66cb7d8ff00efd005f9d2b0efeefecfff002c37ff00c0ab57c39e17f1278a5e686c60b6da89fbf676f2913cddde57fb7fc15cb5df87eeb42d53ec5e22b67b47f2b7227dfddff7ee8020975bf925ff0045ff00c7ab31f509dd73e4bffdf55d2785bc3f17883c53a7e930ccff0067b8b9fde3fdcfdc7fac7ff81ecafa2eff00e07f8567165e44f730edf927ff00a6dfdf7fdefdc7a00f9352ee76fb903d567bb7fbbb1ffefaafbb74bf85fe15d2ec16dbc8965d9bfe791dfcd7f9fccff967e5d50bff00857e19b97d937da1ff0075ff004cbcdffd02803e1d497754f03fcf5ee9f107e19689e18d262d4ace7b97df3ecdaec92ff03ffb1fec578f4107ef2803b1d03efc55ef5e18ff009655e29a041f3c55ee7e1b4ff55401ead63f72b7a2e958f61f72b622e94019d796fbe3ae1ae53c99a5ff00aeb257a45715acc189f77fd3492802859fdf89eba583e786b96b6ffdab5d4587dd8bfeb9506672fe24b2dd0cbf257cd7e2dd3e54497e4afaf358b6f3e175fe2af01f186972a24bbd2b403e57b889d1a96da5d95b9ac69f2dbcd2bba7c95cd7f1d66684d2bee7aab523d47400514514005145140051451400514514005145140169e795ea1d8f427dea9b7d004295652ab25594ad2980b556ad546ffdeab004abb07deaceef5a3056f4ccc47aa6ff007eae3d537ad2a010d2514579f23419451454805145140051451400514514016a3ff532d7a37c36bdfb3f89adbe7fbc8895e79669be4db5d1785a7f275cb57fb9fbd8ff00f43a00fb8ffb3e2b87f9d37eef9fef4b5bf0d8a432c7b11113cc8dbef56745ff001ed13ffd328fff004555afb44a9245f3bffdf5401d45723afddd9c90fcff007d68bed67627fadffc7abcdf5bd6ff00d6fcf401e5fe24d034879a57fb2ffe4696b8197c3d61e76e481113fde96bafd62f77bcbf3d71cf77f350057fecbf27fd53c29ff02a913ed96ff7e74ff8054897717f712af24b03fdf813fef9a008bfb536c317f7ea34d425793efd6b2259b26cf220ff00be6aca5959ff007204ff00b634017f44d52e2d1eddf7fc8be67dc58bfdbaf74d07c5114eb12fcdbfc88ff862ff0062bc6f4ef0f4572ff25d6cff00b635e8967e1ebcb44dd0cf3bff0007c90cbffc5d007b85ccfb525dbfdcac682ee57bc8977ffe3bff004cab88fb5ea96ff3ccf72ffc5f3b4bfeaaacc5e2189de2df0223ff007f77dca00f555fb91d3eb234dbe8ae21fbe9f723fe3ad7a002aa5d3a2c32eeff009e756ea9dca79904bff5ce4a00f3cd6d22b8b98a144d8ed17c9bfee7fada8ec3c3713bef7447dd17f7a5ab3729b754b777fb8b17f1ff00c0eba3d39e27f993ee795401763d32dedd65d889f37fb55ce6b1fe8e92bff07eeebb577f96b97d562f3a1952803ccafde5d9bb7fc8ff003d70da9dded495bfe075d96ab7712bcb0fc9f2fc95e65a9bcaef400fb0d22e3579a2479f624df3a2ff00db2af73f0dfc37d12da2f32eeca099a48d1d36bcbf2573bf0ef50b3b98d2da6d2edbceb7ff00969b3f7af157b2beaba65a5ba3dc5d436ebff4d25f2a8033f46d0ec348b5fb3dac1e5a33ef74def2fcff00f6d2a97887c25a27892dede0d52c12658be74f9dd1d7fe071d4773e38f09db7cf2ea96db9bfb8de77fe8bac0baf8a9e1847d91fda675fefc69f27fe44f2e803674af02f8574dbc86eecf4586de7862f291d3fcfdff00f6fefd75df279916ff00e2fb95e1d7ff0018be4952c34bff00ae723cbffa322af39d63e20f8ab519b7bdef909fc096cbe56cff00b6bf7e803e96d73c5fe1cd0fe4d43514493fe78afcefff007c57906b9f1b62f9ff00b3349666f2be46ba6fb9ff006ca3fbff00f7d57844f2ef7959fe776aa4f401ade21f146b7e229a27d46eb7a27dc853f748b5936c9b9ea344adab0b4f9e803b1d0ad3e78abdb74283e48abccf44b4ff00555ebda3a6d48a803bab3fbb5ab174acab6fb95ab174a002b9cd6e1fdcff00db292ba3acad49336ff7377faca00e160fbf12575161f762ff00ae5ffb56b11fcaf33ee27faaad2d31fe4dbff4ca8037e74dc92d79c789f4f89965f92bd35fe74ae375f8256496803e4ff1ae9fe4bcbb12bc7ba6fafa63c6b6517932bbd7cdf789b667a00ab51d14500145145003e8a28a46814514500328a28a66614514500145145004895323bd4295662ad2900b51bd58aaf2d150cc87bd5f4aa1fc55a70575532c7ffbf503a27f72aed42f45420c97a8ead3a543fc75c2681fc151d145001451450014514500145145005a89e546de95d1f86bfe42d685bfe7ac7ffa36b964fbd5d3f86ffe43169ff5d63ffd1b401f7fc09fe8b6ff00f5ca3ffd15542f1f6fdcff009e55b51ffc7a5bff00d718bff44d60dfa4bb25ff00ae5401c56aba844bf7debcb35bd522fe07aecb5df91ebcaf51f9de5a00c3bcbddf588f3cb57ae52a8fd9e8023477ab28f2d090559f22802449e5ad2b6bb96b25fe5a922bb8bfb8f401e89a55edc42f1357aee89adcb32448fb3657cfb6da845fdcaf48f0f6af123c5bd2803da1e2b3d4537a3bba795b3fe7957237fa1456fe6ba6ff0097cbfbed15753a75dc1b76226cfdd7f054b7892cd0cbff006cfefd0066e8177710a4a9b3fe5947ff00b3d7a7d79cd841b2497ee7fcb3af46a002a374dcaf5251401c66b36b2451cb2ac5feae28ff008bfe9ad1a23c4f0c49fc7e549ffa36ba1bd8b7c3326c4e7cbffd195c7bbcb69792aefd9b62fe0a00ec53cdf2e5f92b3ef12b595e16fb91555b94a00f19d474495ae6e26f9fe79647fbd5c8de6891237f1ffdf55ed97f695c75fda500794cb6512ff7eb26782bbabcb4ae6ee6d28039cd9b6a177abf2dbd663a500569dea8bbd599525aa4e92d00567a1137d59482b5adacb7d0052b6b4aeb34cb2a9acf4bff0062bb5b0d2ffd8a00bda3da7faaaf4cd3136d73fa6596daee2ce2d9401b36d5a3174aa902559a002b36fdff0073ff006ceb4bf82b2b50fbb27fdb4a00e4dfefc5ff005caafd87caff00f6caa8cff7e2ff00ae5566d9fe7ffb65401d72795593ab5bfcb5a16cff003cb55b53f992803c3fc616913c32fc9ff2cabe55d66dd21bc97e4d9fbdafb1bc4f06e865ff00ae55f27f8b62d9732ffd75a00e36a3a28a0028a28a0029c29b45005afbdf7136d0e9566dad2e2e24fdc26fab32e89ab429bded5d16803351d3fb947c8dfec51e44bbb1b28d9ff01ad3d98008bfdba3ca4ff9e8946c4fefd1f27f728f64055a28a2b30244ab48f15554a992b4a405cfddd5374f9eaca5432ffcb5a2a015bf8ab4adbe792b3056a5b7dfada9017ea17a1ea3def5d805094a676d56abef16ef9ea87ddaf36a811d145159805145140051451400514514013223b7ddaea7c256f2cdacd92a7cccb2c7f2ff00c0eb944fbd5e81f0e937f896db67f7e803ef3853669f067fb91ffe8aae7eff00ff006957529117b35ffae51d72da8a6d497feb95007996bf17c9bb7d7915ff009af34a9b3eecb5ea9e2179556bc4f58d425b7b997f7fb374b27f0d00569fca4fbee959cf776ea9f23a3ffc0ab125bdbfbd9a2557decdfecd7a4f84be17eb3acc914b776db207477fbe9bde803cfdf54897f837ff00c0aa94f7aff75edf1fefd7dbda27c31f08e9d61146fa34535cfc8f2492fef5eb89f899f0b92fade3bef0f6989f6cdffbf546f291d3feda3ec8bcbd9401f2ddb69f2ddfcff713fbfb2bddbc37f0326d6748b0d4aeb5892d5ee3e7f2fc8f37627f07cfbea3d13e0b78c26d9f6fbab6b187f8d3fd6ca9ff00008fe4afaa2ceda0b4b6b7b6823d90c314688bfdc48a803c0acfe05bdbdc45ff0013ef93f81fc8fded7716df09b4c8a0815f50b8774ff63657aa2794a9f35733aef88adf4bb7f33ed3b1ddfe48f6fcef401e61ad68e9e1cd42ca1837bef8b7fddffa6bff006d2bb5d1f507b8b4b747b57877799f7dbeefef7feb9d64dc5dff006fea114cf6bb113e44f9aba8820b7853c94f936d004703fcf2ff00d75aef6b8bb683f792ff00d75aed2800a28a28011fee573b7f692ccdbd3fe7aff76ba397a55774a00e4ec19eddfe74ff00592c7f7ff755d1ef8a64ddf2552b9b3f93e44ff965fdeaad0cef0cd12b3ec5ff0076802cdcda6fae6ef2cabb744deb13d559ed37500794de697fec572f79a5ff00b15ed93e9fbff82b12e744ddfc1401e1f73a5cbfdcac97d2e5fee57b84fe1eff0062aaff00c237fec5007883e8f2ff0072a2fec397fb95efd07842593f82acbf827647ca5007cfb06892ff0072ba4b3d13fd8af51ff846e247fb95762d2367f050071567a47fb15d459e9ffec56fc1a7edfe0ad68ad280295b5a6cadf8a2a5482ae22500095629b4ea0025e9585a87de93feda56dff0560ea3f7e6fac9401ccdcbfcff00f6caa4b67f9ffed9557b9ffda5440f401d959bc5be5a7de7ddaa766ffbc93febac7572e7ee500797f88525fdea57cb1e31b47f3a593657d69ada6f796bc03c5ba5eff35b650667840e9cd43576f22f26675aa541a0514548940051454c9f792811ec7f0fb4f7f3a291e0de9fdeaf79bfd3f48bbb3d90c08efe557997c3a479ada25ffa655edfa569716ffb95d1eccf3aa543e7abff00044ff689765afc8d50c5f0e2e2e3efc1b2bea7fec789dbe7aa5730450fcb564fb4aa7cdc9f0a20fe39dd1eba9d13e1b587f1a23a2ff157adfd9229bf82b5ac2cb65595ed0fcdfa28a912b84f4812a64a86aca6cad2901325432ffcb5aba891567caff356950086afc4ff003eeacfa7f99534ea01a9e7c54c778ab3b7bff7e9b5b7b5117de54db549db79a6515ce0328a28acc61451450014514500145145005afe1af63f841a7fda35a89ffbb5e255f57fc0ed2e06d3e5bffe3f3765007d2917ca912ffd32ac0bf4dc92fdcff555d2ba6df2ab32f13e4ffb65401e1fe27fdca7ce9ff2d6be78d75f75dcbff5d64afa6bc5b652cde6ec477fdeff0002ff00d32af1cbcd022f3a577f3d3750049f0fbc3513b457d3476cfb2793effef7fe5957d31a0c68b6c90db2470bec93eea795fbaf36be73b0bdbfb493fd1e778f77dfd95d959f8ff5bb44891ed61b8ff80cb13d007d17024be4c5be8d9b6bc663f89f3aa43ff1284dff00efff00f6145d7c52d5264db6da7246dfdfdde6d007b4d65ea7ac69fa4c1e6decf0c49fc1bbefbffd734af0fb8f1cf8ba7e97be57cbb7644895c94f05c5c4d2cd72ef23b7df676f35de803bfd6be2a5d5c79b6da45aecff006e4fbfff007eab89b6f3eeee7ceb8779256fbeef55a0d3fe7aea34ab2977fdca00eef404dbe557769045fbd7d9f3d72da55a6d9a2aec913e4a00a0914bbe5f9eba5acdd95760fbb4013d1451400daacff7aadcbd2aa3d0059fbf58f736917ef7e44ad24a9befd0066dbbcbe66d77f97caad4ac774db34af1d6825004fb29bb63fee53e8a00679317f728f262fee53e8a006d3a8a2802acb6a9557ec95a94da00a1f67a9912ad6ca4a008512a6a751400514514019d7923aff1edacfbcff53ff6ca4ab97959b78f12a7cefb3f75250073973ffb4aa8eff9eaf5cbc5fdf4acd778bccf91e803b2b07fde3fdfff005b1d6acff76b034efbf2ff00d758eb71fe74a00e37558256795ebca75db4dc92fc95ed979045fbd5af3bd76ca2d92a6ca0ccf91fc436fe4de495cdd7a678c2d363cadb2bcf76506855a9128a2800a3f8a8a2811f51fc24f9eda2afa0acd3e7af9bfe103cbb225afa76c13f8eba3da1c552984bbd7e5ac99eca599ab72e53e7a7c09f3d1ed03d994edb4f8963ab9045b5aafd37e7accd3d99f9675225475225667513543ba8df456804dbe5a868a4a0028a28a04328a28acc614514500145145001451450014514500145145004c3e6afb5fe03daecf0abbbff00cf5af8b2dffd7455f6ff00c18f93c2bff6d6803d92e2ab4c9fbbff00b655611f7474c7ff0096b401c6ea7a7c4ffc15e7faae8913c9f72bd5af12b9cbf82803c4df4ff25fe4a920d3f77cdb2bd11f4489dfff00b1a87fb1363fdfff00c768038efecbf962f92acc5a7feefee57629a5ff00b75662d2f6500715fd9ffbcfb956934fff0062bb5fecff00f62aca697fec5007276da5ff00b15d458697fec56d41a7ff00b15b76d69b2802b59da6cad6d952a254d40116ca7a54d50a50058a29b4ea0025e950d4951d004356aa3a92802195284a9aa1fb9401628a28a0028a28a0028a28a0028a28a0028a28a0028a28a0029bfc14eaa8eeeaaff3d005695fe7df5cd6a73ffed4ad8bc79766cfb9fbdae5b519e5fdd7fdb4a00cd965f925aa09f3bcb45cbfee65a2cfe77ddff4ca803b2d2936bcbff5d63aea367eeeb02c1137cbff005d63aea128031ae53e7ae3755b4dfe6fc95dcdc87def581789feb68333e61f1be97f24adb2bc31d36bedafa9bc7369bada55d9f3d7cc57e3f7fb682ca1fc342d4c9feaea15a009aa3a28a441f47fc1c74fdd2d7d676e88b1a57c7bf079d3ed712efafb0d3eec556013a6ea112a74fb946ca92c75145140cfcada28a2800a28a2800a28a2800a28a2800a28a2800a28a2800a28a2800a28a2800a28a2800a28a280244fbc95f71fc13f9fc333a57c4489f26eafaf7e055eeed165477ff96b401ef907ca9ff6d6adc9dbfeb9d54ff967ff006d6ad7fcb3ff00b674019d2d63bc1bfcdad896ab7f1cb401552ca2a3ec495a70254fb3f7740193f62a3ec55b8894fd940189f62ab69695a1b28d94015920ab289b6a6a2800a8ea4a28023a28a28024a751174a2801b45145004745145004945475250014ea6d3a800a28a2800a28a2800a28a2800a28a2800a28a2800aca9dd13cdffae55ab58f73e57ef7feb950073d7f77b7fb9feb6b8dbfbbdeff00c1ff002d2ba5d4de2dfb7e7ff5bffb4ab8abf97e78913fe7ac940044f14df27f7ab7f4c83e5fe3ff0055ff00b56b0f4a8227789dff00e7ac9ffa2abb2b0822ff00c85401d2d9a6d797fed9d6ca552813e7ad58ba50041347fc75cfdcda6e796ba5aace9f3cb401e13e30b4955257d95f246b1f2ea12ffbf5f6e78de08bc997feb957c57e214dba84bff5d68039ff00e3a69a77f1d0ff007a80128a651401edbf0825ff0089d449ff004d6bee04fb895f06fc2b9f66b9127fd35afba55ff7313ffd32a045c4fbcf5251174a281851451401f95745145001526ca8ea4df4001151d498dd46ca002a6d92eddd47dd6ad9448ae218913efd69ecc0c2fddd35eb4e7d3e544dd5994011d14e34dacc028a28a0028a28a0028a28a0028a28a00bb17cc9b6bde7e0c6bb2dbddfd83f81a5fbd5e0713ed6df5d6783350fb06bf6f27dca00fd108163d889fc1f7eac567697726e74e82647dffba8eb5e5e9401973a5517fbd5ace954dd3e7a007c15753e64acf8ab46de802654c52d369d4004bd29b45140051451400ea6d3a9b4011d35287a9a800a28a7500368a75368023a2a4a28023a928a8e8024a2a3a92801d45369d400514514005145140051451400514536801bbf15cc5fcb1279bf3a7faafef56bdc4e9ba2fb95c6ea777f3cbf73fd5500606a777f3fdfff0096bfdeff00a655cb3bcb35cedfbffbdab5a9ddfcf2fdcff5bffb4aa1d3137cd13ffd358e803a8d2a0d89f73fe5aff73fe99575d676ff00fa2bfbb593669ffa36ba9b38be4ffb65401ac89f3d59a852ac50014da7536803ccbc6ffea65ffae55f11f893fe4212ff00d75afb4fc6affb997feb957c5fe24ff9084b401cbff1d1fc747f1d34d0036a4a8ea4a00f4df865ff0021f8bfdfafbca04ff468bfeb957c09f0e1f6ebb17fbf5f7bd83eeb68bfeb950234ff00829d445d28a06145145007e55d1521a2b4f66047455a4796a1fbcd5981662a13efed7aad975a335a5202cce9b6afe8efb2eea825337ed7dd5d4667a14a913db4afb2b81b94d934ab5d25b6a9b6db66fac0b99fce6dd5881994538d36b9cd028a28a0028a28a0028a28a0028a28a00b489f26eab317ee668a64ff009eb5428fe0a00fbcbe17ebb15fe8a88ee8ce9f257ae57c61f08b5b8ad26891dfef7c95f6359cb0cd0a325004b50ba549f759e9d4015113e7ab294cff0057253d28026a75369d400514514005145140051451400da28a2801d451450014514500368a751400da29d4500368a2a17a009a9d4da7500145145001451450014514500155e4ff0056f562b2ef1e2449680332f3cdf33eff00fcf4ae0755bb8a17977eff00f555d1dfddc5be2fb9feb64fe3af2ed56f629a68b67fcf2d9f7a802b4aff006b79551f67f1fcf5d5695652c2b6efbd3fe59d61e8f692bbeff9ff00d549fc3ff4d6bbbb3825d917cfff003cff00868036ac122fee7fcb5ae86d7fd5563db41f3ffdb5adfb64d9401a3174a288ba514005577ff96b537f1d50bc97624b401e5de337f925f9ebe36f127fc8425ffaeb5f5878ceeff752b57c8daebefbc95ffdba00c3fe3a2a67a85e8023a28a2803bbf019ff0089e5b7fbf5f7de8fff001e76efff004cabf3efc18fb35689abefbd05fced3e2ffae5408e969d55d2ac5030a28a2803f2beacdbc5beaedce9ff0067936efdf479fe4fcdb2bac0b29a7ee8fee5325b2d89f72b4ac2e776f5d9f76a4b979764bf252f6673fb4395906daaf56a4fbd5576563529fb334a64c950d0947bd6668197fbb4251be87a001fef5251456820a2968c50323a2a4d945660474514500145145004943d47450074ba16a92d8de43223ec5f36bedcf02f8962bfb68977effdd57c059f9abdcbe1a78a3ec53451bfcd401f6b7c8d46cdb595a3df47776c8ffdf8eb67f7540103d3d2a6fbf45003a2e9451174a2800a28a2800a28a2800a6d3a91fee50025151d49400ea29b45003a8a6d140052efa4a8e8025df46fa4a2800a8ea4a8e80268ba514da7500145145001451450014514da0074bd2b94d465da92fcff00f3ceaf5cddfc92fceffeaab91d4eefe797e77ff967401c9eb1a84a9345b1f67ef64fe0ae12d92e2e2689f66ffdec695a5adddcad73f23bff00ad92b7340b2da916f447fdff00ff0011401d169d651430c4fb363f9527f17fd35ae9624ff55f27fcf3a8a24f922fb95a56c917eebe4a00bf6692ff0073fe5ad6d41f76b3a2ad04ff0057401628a2937d0041fc558da9bfc92d6cbffabae4f539f624b4199e1de3cd42286dae137fcf5f2f5e3f9d33c95ebff122f65fb44a9bebc5a82c2a3a93eed4740c28a28a00effc15652cda844fb3fe5ad7dd1e18f974f897fe9957c65f0edd12ed3e4df5f67e852eeb68be4d94199d1a558aae95628340a28a6d007e66dfde24aff7ea93ca8f55b67ef28d8f5d54c0dfb37adb4489d2a8e9965ba1df5a4906caeea74cf36ad4312f2d137fc95ce323eeaefbec9bab36f34f897cd7d958e2699a616a1c9ecdb50a55a97efcab51a26e92b87d91dc42ff007aaddbd9cb355db6b2deff003d747671449e56f4a3d999fb438f96da5467aa95d4dfa45be57ae727fbd56590d4c950f6a99298c1ea1fe1a99e84ff005759810bd4756aa17acc08ea4d95322512fdda00ab451450015afa75ecb6372922fcb5942ac6cddf3d007d81f0ebc5fe74312bbd7bfc12c33244d1d7e78f84f5d96c2f224dfb3f7b5f5ef85bc49e74317cfbe803d722e94da8a09639a3de2a5fbd400514e97a5547a00b34eaae8f562800a28a2800a6d3a8a006d150bd3a800a28a28024a8ea4a2800a29d4da0028a28a0028a7514005145140051451400514514004bd2b1e77ff73fd6d5db878912b027bb8bf7bf3ffcb5a00ab78ff24bf3ff00cb2ae3b537ff004697ee7fcb3ffd1b5bf793c4de6ec7ff009655cbdcbef86544a00e35fefcbff5d6bbed23ee45ff005d6b85d92ef97e4ff96b5dd699f722dfff003d6803b28beec55653ef4555a07f922abf07dea00d0812b462e95522ab7174a006d475254740114eff002579978a7508a18656aeb758bdf25255df5f3ef8e75b95619537d06678778c2ffed77f2fcfff002d6b89abf7b3bcd36faa141a05145140055a81774c8bfedd55abf61ff1f96ffefd007bbf81b48d8f157d5ba3dbf930a5786f8320891e27ff00a651d7d056c9fb98a839cb29562aba558a0da214da7536828fcc47797fb9427cedf3d693cf03d0969e77dcaeea74ce5a85dd39dd6497e7df5b69e6bd64d9d94b0bcacff72b6a07893efd7753a670d523dfb6a94a92aa4aff007eb69e089bee5090449f33d6950ce9d4f6679fde6f6936ecd9ff0001a6fc8891327dfaf489f4fb7b94f913e7ae4753f0f4b690f9dfc15cb50eea757da1993ddc4c916cf91ffd8ab505eca90fcef58a9f7f6bd172ff00c2af5c675125cdeef77acc77dd51d49b2b94d001f9aa67a3e4a13e6a0012874ddf3514f474db400cff0062a44b695de913efd6e41e56cad0466ba6daa4ff00eb2ae5cbefacda008e8a92a3acc61526ef93151d14016a27daff002d7aa7833c512dbcdb1e77af25d9535b4b2c2db92803f403c31aec5716d17cfbebbf8a5dcb5f19f823c59e4f94aef5f4d681adc570917cf41677745422546a9a83321fbb254d51d377d032c514da7500145369d4004bd2a1a928a0028a29d4005145140051451400514514005145140051451400514514011d529eef651733ecac0b9bbacceaa343da05fdefc92d72f3ddfcff00f6d6a5b9bb8b67dfac7dff00edff00cb5a9f68767d5099e7f93fed95664eff00b995eaea7fa997feb95635e4bb21957e4ff9675b1e6d5287df797febad7a05845f3c5ff5d7fbb5c2585a6ef35ffeb9d7a65827cf17fd75a0ccdb8228b645ff00c4d5f8122df4f893e4d956913e7a007a54d45569df627c9400f77ff6eb26fefb647f7eab3debd606a77bf24bf3d0061eb1aa7fad7df5f35f8e7548a679511ebd5bc4fa86c49763d7ce1aedef9d772fcf401cf547527f0547400548951d5a4ff572d004756ecffe3ea1ff00aeb552b5b4783cebc897fe9ad58543eaef063c5f658bfeb957bad87fc7a455e21e0fb4d96917c95ee361f2da454ce62f8a753453ab3371d45145051f96ff0071ab52cf508a1fbe959b79e5799f2555aeaf6867ecceed2f629922d947ef7ef2561e9cff00dfadcdff00bbaf4a954386ad335ada5d9565e589fe5ac083cddd5ac92fc9b6b6386a53362078a14df5cf6a7a84b7092c3f26ca967bb976d735bdde696b96a9a61a9d530e5deaf4cd8f37cd5b179a7fcbbeb111f6b5709ec522374dafb6a1a91cee6a8eb94d02ad2555a912802cecdff7299b36d1bea127e6a00b28f5753cd7fe3f92b22ad452d6805d7f293efd67becddf254f3fcf549e8111d1451598c2a4a8e8a009128f92a3ab56c9b9e802ed85ccb6d344caff002d7d17e08f1244c9123bd7cef79692c2b13ecad3d035796d268937ff00cb5ad00fbcf4ad622b98e2447aeb13fd5d7cf5e18d7f7a45f3d7b6586a114c917cf5cfed00d9fbad559eaefc951ba7cb5a5301914fbfe4ab7551136fcf4f47dd401352efacff00b455947a009a8a29d4005145140051451400514514005145140051451400514514005559e4d8b523bed15c8eb1abdbc3f7dd2a4d2952f681797b5c45feb1b13e4df58dac6bff003ec85ffe5aff000356658453dc4dfbe77f97fbf5c87b94a97b33722bd9e6865defbea74797fdbad8b6b2b754fb89ff007c548e902ff027fadaba6678933367ee65ff00ae55ce5fff00cb5ffb675d6ba7c92ffd72ae7ee5373cabb2ba8f1ea16b4783f732ff00d728ebd1ed9224f2bfebad71da541b21fb9ff2ca3fe1aedadbff006ad0666d455693fd65554ab7400d95f6c758d737717dcad0b99d112b97bf9e25f3592802b5ccb12475c6eab77f24ac8f566fef65d95c36b1a86c865f9e80385f14ea917ef577d789dcbee99eba8f10ea0f34d2aefae468007a8ea44a28023ab4950d59b4fbd40103d761e13b7f3af12b937ff595daf833fe3f516b433aa7d55e1878921893f8ebd82d3fd4455e2de1bb4977c4d5ed36bf2c512d499d224b7a9e88ba515274051451401f96f223efa84d05dda9b41a16525dab5a715ecbb6b0cd15a7b539e547da1d75b6a112fdfad282ee2ddbab81def52fda671fc75d5f5b31fab1da5e6a16e9f25524bdb7fbc9f7eb9779a47fbcfbaa3df8a3eb66dec8dfb9d4d1bcd5ac477dd25434572fb53423a28a2b300a28a2800a28a28024d945151d005afbf43d43b1e8a008e8a9128d94011d1527dd6a988ddfbcd9f2d004357f4e1fe92955822374a917e564d9f7d6b4a60769adda22da44db3fe59570e8fb5f757b1cf6915d786f7ecdefe55792fee9165474f9eb6333d0bc31afca8f12effbb5f45f87b5d95d22f9ebe55f0dd93dc7dcfbd5eada15ecfa74d125cbbecae5a94cd3da1f50d86a1e727dfadc47de95e39a56a92ef89d1fe4af43d3b588a64893f8eb30369df6f9b4413d472a79c92b2564bbcb0bcbf3ff00cb5d940176f3efee4ff9e555ad6ee5f3a287f8aab7db65fb8eefff007cd4d6de57da626d9f3d6807449e6d4d586fa8450fc9f3ff00df355ffb69377fcb4ffc85401d3515829addbff119aaf26a11c9f7227a00d0a2a07b88aa94ba8449f76803437a531e58ab9b9f507ff2b559f5097fbfff008ed0074bf6ba6bdd3ff0d72ff6b9f7fdff0093fddab3f6bd9e6bfcf401d047772b7df4d9563cc4fefd72e9a827eebff89ab3fda11227c9bffef9a00dff003625fe3aacf7b12a6f57f96a93fdc95ffe995737ac6a09696b2b3beca0b840357f1345024bf3a7dcff006ebc735bf125c5dbec4d8e955f58d6e5b8797e7ae4befb570d4a87d0e030154dfb3496e1f7ba7fdf15e8fa75a6cae1b428a5df5eb5a65a5674ff00787557fdc93a26c4aa73a7cf2ffd75ae91edfe4ffb655892a7cf2ffd75aeea47cfe2ea959fee4bff005cab01d374d2d749fc1b2b3678225795eb4384d2b04fdcc5ff005ca3aeb2dbff006ad72f669f27fdb28eba8b64fddffdb5a00d683eed597f95298955ae67d91fdfacc0c3d4eef679bf3d71579a86ef36b6753bb89fcdf9eb81bfbbfde4bf3d680477f7bf2d797f89350fdccbf3d751a9dded497e7af20f10ea1bfcd547a00e3ae6596692467aabfc14e1b2a444df244ab401a5a569f2ddddc49fdead6d6f42974e7fb95eb5f0ebc272ccf6f72e9bd3efd1f152083ed11430a6c76ad3d999fb53e77ab11a3eeab773692da4c8ae9549ddf7bb566694ea0f8137cdb2bd13c1965fe9d137fd35ae074fdef7295ef3e1bd2e5d913a26cfefd6948cea9efde1e48b645b3fe795773bff0086b8ef0f245b22f92bae4fbd454a672d3a85c4f96a6a847dfa9ab33a875145368343f2b68a28a0028a28a0028a28a0028a28a0028a28a0028a28a0028a28a0028a28a002a44fbc951d140175eab3fdea37d474012254d50d1400ead6d2ad1eeee6287fbd59b5ea3f0eb4496eefe29b66f45a0cfda7b339ff0010f86e5d19226d9f7ab8eff6ebe94f883a5fda34ff003367ca9157ce9b377dcad3d987b53dcfc25e55de812c3fc7e5578ceb1692dbea12abff00cf5af4df87d7b133cb0efae7bc7969143a84bb12b600f034f12dfc48ff00c52d7d09adf843ed7a7c5730a7cfe56ff92be65f0b4be4dfc4fbebedcf095da5de93123fce9e554991f3ed9eaf71a74d2db4df222d7a4e89aa44fe536fa93c79e0896e21fb4d8a7cff007debc96db50b8d3ae7c99be4dbfdfae735a47d4f61a879c9b37d5c9d2565ff00b6b5e4da26be9b22f9fe7af47b0bd8a648b7bd739a19b79bd1fee3ff00aaaa49a8448df3fc89fde76adbd453f77b913fe597f7abcfefdffd6aff001ffbd47b434f66695e6a16eeff007d3fd6c9fc554d2f6dd136ef47ff00815701a9ddcf0bff0073f7b25736fadba3ff00afad3da9b7d50f63fed0899fefa7fdf5565350b7d9b77ffcb2fef578b26bb2ff001bd31f5f97fbf47b53aa9e03da1ebb3ea1023efde8fb62fef51fdaf03a7df4ff00beabc71f5b95d36509a84b58fb634fecbac7b026a96ffdf4ff00beaa5feda83fd8ff00beebc69f549698faa4bfdcff00c7a8fad9a53c96b543d8a7d760d9b513fef86ac4fed78b7c4ce8e95e5cfac4b59b3ea13bfdcacfeb67753e1ff687b63f8b341b7f2b7dea7fc03f7bff00a2eab3f8ff00c390fdc7b97ff721ff00e395e1ff007df7d49b2b96a63cf62870be1ffe5e1ebfa8fc59d5265956ceca183fda7fdebd7995e6afab6a375e7dd5ecd237fb7fc154ea17f92b9feb756a1ebd3c970347e1a65ffb5cad5b3a624b33fdcac0b34f3a6896bd7fc3da16ff0029f656d4ff00787163ea51c21b9a169fbde2f92bd42dad362556d1f4bf27e6d9ff002cab6ae7f730ff00db292bd2a74cf8bc7e3fdb19f72fb7e4d9ff002cbefeeac774dcf2fcfb3f7b579e7f39f76fdf559eba0f1cc9d8f43a7c95a2e9fec51e47fb14011db23a2574b669b9377dcfded664107c9f72b7e2d8a9ff006d680249dfc94fbf5ce6a77b16c97e7ab3a9dec4a9f7ebcf358d53fd6ec7acc0ad7f7b16f97e7ae36feed3f7afbeab5fea9f3cbf3d72d7faa45b256df4014f5fd422549577d790de4ef34cf5bdac6a0ed24bb1eb96df5a00e7f95eba1f0f593df6a1126cdff3d73db2bdb3e1268d2deea4926cde8b419d43e98f09697169da4c5bd363f955e1de29b4fb5f89e24fbe9e6d7d0fac4e96d632a27c9b62af0a48a5bbd6a299137a2cbf3d747b3386a1e4ff001174f8acaf6d911367eeabcc2bd83e26efb8b98a44fbabf7ebc7ff008ab33ba917eca4f26789ebea1f033c535a7cff00f3cabe6244ff0054cbf76be8bf874f2bdb45fdcf2abaa99cb5cf79d13e54ae8607fde573da53c4a9b3f8eb6e0fbfbeb3a873d3a869a54b5053b7a5729dd4ea1668a8ea4a0d0fcada28a28340a28a2800a28a2800a28a2800a28a2802d248eabb6a1def453823b76a006a5156bec53ff126daae51d68021a29c283400da28a2800a28a2800a92a3a9280264afa77e15e9fb34b96e7fbd157cc495f607c3af297c1f13ff007aba291cb8b34f55d2fedfa4ddaff1f955f23dfda4b637d342ff0027ef6bee0d1fca6b6955ff008abe5af89ba47d875a95913e46adce7a150e47c2da87d8b5689b7fc9e6d76be3983ce862b9ff00a655e5f67fbb9a26ff00a6b5eb3adffa7f8722913e7fdd566771e5367732dbbc4c9fdfafb0be146a1f6bd3e25df5f1891f2d7d43f04eefe4d8f4199f4b84468f69f9d6bca3c79e034d46d259ac9111feff00cb5eb5bf6d432bbeed9b37ab5721a523e2982eeff42b996daeb7a7ef6bd8f42d7e29a18b63fcff00ef5751e33f01daeae92cc89b25af9aefed35bf0bddcab36fd8b2d66687d3a9a84b37cbbf7feeab88d6eefc99bfd8ff0062b91f0f78be29962677ae96feeedeee1dc8ff0035731a52393bc9fcef9fe4ae22e5ff007df712bae9dfe7d95877f69f3fc941ee612a51325278bcbfb955bcff00f612a27de951d71543eab094e89677d49e6d564a9ab13d6f65447a3d1be84a4a0e8a74a88da7eca4a9eb237a74d09b2a6a8a937d06a1beab3beea3efd7b8f833e196ff002b50d5ff00e016ae9ff7c6fade950f6878998e6d47094bde31bc0de019750f2b51be774837ef8767c8edfedffb95ef767a7d9dbb7c895a5b22aad3bc5b3efd7b14e97b33f38c7e6788c555f685fdf1429f26fac4bcba91d224495ffe5a7f154373772a7dcaad6c92bbfdcd95b1e692d9a4bf77fe9ad5997e44a9224f9e2ab2f03bc7f737d0052a112ad794ff00dc7ffbe29e904bbfee3d001027c9fc1566e5f64353227c9587addec4a92aefa00e3bc43a86cf37e7af25d4f58f9e54df5ade29d7e24f37e74af18d4754dcf2ba3d6606d5ceb1be497e7ae72ff50f925f9eb11ef7e7fbf556e6ef7a6ca00a7712ef6aab45495a016e0b777f2b6ff13ecafb2be13786ff00b3b4b8ae5fe4778abe65f03e892eafaa448a9f2a4bbabee1b3822b4d2e2b644d8fe55694ce7aa737e30bdd892a27f15713e0ff0029e6bbdff7ebbbbfb28ae21977fceeb5c2e8114b6f7577b3ee79b5e853a7fba386a543ccbe22da6dfb46cfb9e6d788ec4f92be84f882f14d6d71fdfaf098ecde56ae5a87451a86c476917d9a2afa1be1e69ee9631578c7d8a586189367fcf3afa2fc15b174f8ab4a672d5a877f67156c6fdb5553e54a89fef5150ce91b103ef4a3fe5a543126c496a2ff009695c27553a86c44fbaacd64c0f5751d283aa9d43f2eb651b29dbd3fb946f4fee50740dd953795fedd1bd3fb946f4fee5001e57fb750eca9b7a7f728de9fdca0087654c9b17efd1bd3fb9427cdf7128004d9bfe64f96aed869773a8cde5dac0ef51c492ddcd14289fec57d95f0c7c076f69a7c5737307cef17f1ad0078a787be106ad74e925d27cbfdcdb5eefa77c1bf0cc30c4ef6bbdebd92348d7e454f96924476fbb401e7127c2cf0ab5b3afd96bc4fc61f07e547ff0089726c4afacd13e5a64cd347fc1be803f3a353f05eb7a77deb576ff80d603d95c22fcf03ab7fbb5fa5373a5d85da6cb9815ffe035cfddfc3ff000f5d24dfe8a8adfdfa00fced7474fbf4223bfdcafacfc49f046299249ad1d13f8f6d7cf1adf86f54d16e6585d3e4fefedad04727e57fb694795fedd0fb15bee53f7c5b3ee50031113ccc374a1f66ff00f668df427dd96b3034aca04b8ba89111be696beb7f09594b6fa7c565ff002c7cafbb5e0df0cb48fb76ad2b3a6f548b7d7d4567e52c92aa27fcb2aeaa4715725d39f65cca9fc15e4bf1774b4b85f3113e75af5ab6497ed72bd63f8b6cade6b695264dff00baae8a872d23e514b2b3fec995ff008d6bb5d33fd23498911d36795f3d64e95a7c535f5dd93a7c9e6fc95bfe1b4b7b77b8b674fbb2fc9589d5ed0f26d46dde19a55cfcbe6d7bcfc1f9e285e25df5e4be298224b997626cfded751f0d2ee286f22ffaeb5457d83ede8b66d4f9f754fb22fee564e952c535b44e9ff3cab72b84e8a456fb226fdf5c6f8bbc2161af5a4a8e89bfcaf92bbbaadbe2fe1f9e8343e14f10f86f54f0bdd4bbd1fc9f36a5d3bc491326cdfb3fdfafae3c43a0586bb692c33226faf90bc5be06bad22ee56893e4ff00628f6667ed0bff00da16ed26ef3d2b66dbca9a1fbf5e2af3cf6f26d74aee7c3daa24cbf3efff005b599b52abeccbdaada6cf9d2b011ebd7934bb7d46d7efec768be47af2ed5f4abfd226486ea0d9bbee3a7dc7ae1ab4cfb4cab33a55297b32b23d49bea923d4bbeb87d91f454aa97a8aaa8f526fa0dfdba25df46fa8a88927b89a286de1791dbee222ef7aaf644d4c553a7d4977d59b6b3babbb9486d61323ccfb1152ba5d1fc15abea3f3dca7d961ff006fefff00dfaaf67d134bd2f40b6892d6d7e77fbf33fdf6ff0081d6d4f087918fe20a147f8641e0af005b697f66bed51237bcdfb93e6f917ff8b7af54b9bb8bf81fff001dae5bfb4256fe0d9ff02ab09e6cd1c4dbebd4a74fd99f0789c4d5c556752a179ef65678be7ff96bfdda8ae67ff6eab6ca9522defbddeb43948912599fe7f9eb4922893f82a582d22fbbbfff001dabbf64dcdb37ecff0080d003224fee2568047fee7fcb2a20b4f257e7937ffc06acfdd5a00adb2998ff0062ae6ca64ef1431ef7a00c9bfbb8add3fdbaf3bd6f508b64aef5b3ac6a12ef95ff0082bc8bc4fadca8b2ec4acc0f2ef186a12ef9763d7993cf2bfdf7ae8358d4259a497e4ae63af3560377d1fc747cf537c94c08d1379a9e08a59a4da89f3d3227daf5d4784ac9ef756b75d9bd7cda047d0df09b408ac6c62b974f9dabdb1d3ce9b7a564e8f6915a5b450a27fcb28eba8b683c9f99eb738aa1937f6914292ff79ab8eb3b4f26f254ff00beebbbd4fe6922d95c45cbcab752ecff009eb5bd3396a1e1ff001212586e76a3fcadf7eb0347d2e2fb379ce9f3ff007eba2f1ca4b36a117c8f5b1a669fb74bddb3e7f2ab533f6873d616897d73b5d37a57b4f85a28a1f2a17fb9e57c95c0784b4fdfa84bbd2bd2d13ecd7712a52f66075c8f2abed4a257d8f1545bff007951dcdc7cf15006fc0ff2454c9fcafbd50c4f2f971512f9bb6b86a533aa9966d9ff00bf5651d3ccacdb6f36aca6fdf54694cf8b5f44d3367fc7bad507d26c3fe780a28ac4ee224d22c3fe7951fd9361ff003c168a2800fec9b0ff009e0b4c7d26c77ffaaa28a008bfb26c3fe782d247a6d9a34bb63a28a00e97c0ba5d93eb516e8bfe5ad7da9a622a59a6dfee5145005c35225145002239cd4b451400cd8b4cfe09a8a280208d8d715e29d0f4bbab7b8f3ad95a8a28333e55d5b44d311be5b75aa51e89a67fcfbad14575018975a6d9a4d16d8eab456906d97e4a28ae5a9fc503ddbe0f5a41bee3e4ff009655e8f07fc7f7fdb5a28aeaa672d43a38147da65ab725ac1750cbe726ea28ae8303ca1344d313c4b16db75a82db49b1ff0084965fdd7fcf4a28a834391f19e9363e6cbfbaff0096b57fc0fa4d8fda22fdd5145059f4a6988a96d16dff009e55b34515c550eaa4155a0ff592d14549a19dff002f35cf6aba6da5f79be7c7ba8a28398f9d3c6ba2698934bb6dd6b88d02cedfed1f728a2b335a47b6e80a03455bba8d95b5dacb0dc27989e6f46a28a0eba07996a7e0fd1a3bc8bcb5953fdd7af28a28ae1a87dce59fc13aed3b47b4bab57694c84eff00ef7fd32af43d23c29a1da69f15f9b5f3e6dfff002dfe75a28a2998638f40b682d6dc450dbdac31279bd11714c7ff009654515e81f335e4fdaeecb488bbeb5a0893674a28aa3cc341235ab09126d8a8a2802c2431f9917157a045df4514016eacdb75a28a00b34da28a0075656b3feae8a2803cd2ff00fe5ad79978ae08b64bf2d145660786ea3045e64bf2d73bb168a2b4025751e5d65ff1d145004dff003cabdbbe19dac1e7c5f2ff00cb5a28a0cea1f52d9ffcb2ff00ae55d23ffaaa28adce632dff00e5ad7152ff00c7f4b4515bd3392a9e6de2c45fed08bfebad6e222ff67c5ff5ca8a2ba8e717c1e8bf6e96bb0bcff8fe8bfebad145646874cea3ccaad73feb22a28a406959fdc8aac4b451581d54c2daaca514566694cfffd9, '0000-00-00 00:00:00', 101);
INSERT INTO `images_post` (`id`, `image`, `created`, `post_id`) VALUES
(17, 0xffd8ffe000104a46494600010100000100010000ffe201d84943435f50524f46494c45000101000001c86c636d73021000006d6e74725247422058595a2007e2000300140009000e001d616373704d53465400000000736177736374726c0000000000000000000000000000f6d6000100000000d32d68616e64b4aadd1f13c8033cf5511445287a98e2000000000000000000000000000000000000000000000000000000000000000964657363000000f00000005e637072740000010c0000000c7774707400000118000000147258595a0000012c000000146758595a00000140000000146258595a00000154000000147254524300000168000000606754524300000168000000606254524300000168000000606465736300000000000000047550330000000000000000000000000074657874000000004343300058595a20000000000000f35100010000000116cc58595a2000000000000083df00003dbfffffffbb58595a200000000000004abf0000b13700000ab958595a2000000000000028380000110a0000c8b963757276000000000000002a0000007c00f8019c0275038304c9064e08120a180c620ef411cf14f6186a1c2e204324ac296a2e7e33eb39b33fd646574d3654765c17641d6c8675567e8d882c92369caba78cb2dbbe99cac7d765e477f1f9ffffffed008450686f746f73686f7020332e30003842494d04040000000000681c0228006246424d443061303030613437303330303030326631643030303032393234303030303637323530303030366432373030303030313238303030303632333330303030623433613030303034633365303030303537343230303030383335643030303000ffdb004300090909090a090a0c0c0a0f100e100f15141212141520171917191720311f241f1f241f312c352b282b352c4e3d37373d4e5a4c484c5a6e62626e8a838ab4b4f2ffdb004301090909090a090a0c0c0a0f100e100f15141212141520171917191720311f241f1f241f312c352b282b352c4e3d37373d4e5a4c484c5a6e62626e8a838ab4b4f2ffc200110802c6035603012200021101031101ffc4001a000003010101010000000000000000000000010203040506ffc4001801010101010100000000000000000000000001020304ffda000c03010002100310000001f9c8cc349ce4d8c64d4c1c74c45557567ddacebdd9f6f5c5f417d39943d46860e732f38563873434eaaa68752e34a8b860a5a72e18884a8a543a99b920a44aa092812a00284300284c6263019080849aa4854a5aa9cf688c2759979e36cb1ac39fa70c6b970e9c31ae5e7eac33ae78d225cd3400000000000000000000001d9312519b2d2210f4a3a1fa162f40ebe98aeacf7ebcdd27bcb265349c81cd2a413420a2952149ab69c5dc54342969cd436310dc2a544c69350a95254843043054a84364b180c1b4e01912a912a95427344b56081623498e7cf7cb3ae7c3a70c6b970eac31ae5c3ab0ceb972e8c31aca6a40000000000000000000000367ad18bd59956accf77d457667d5d315d6babaf32c9e98719c5586c93553132d510d68031d2b406000b6e6b201cae931b1c0c21b4c535224ca95688295000c018003060e134e18c12a5132e6a62e74805634144d28c72e8ce6b9f0eac317970eac31be5c3ab0c6b930eae7ceb9e348cd40000000000000000000001e8be9a5e6ae9673def667d5af5d99f59a75e57a671d79d64eb726dd85350a6a11215207a8318e8609a006ada7034e5b73514e5e5448539a00649444aa55994086521803000152a81d3892944cd4d42734454e909ab013a00263588c31e9c31be5e7eae7ceb9b0e9c31ae5c3af0c5e5c7a71ceb21a9401002d0000000000000023e91dd6770edc2df2d6cdf5e7bebcfa2f0d7bf2b07bc3aa74ad5413524cd4d929aa01d14a86c0100340da60d19ba38716438a735155360d380084995298228a929098014e22db86c713352427353151a085a4a0d400000130cb0e9c737979faf0c6b930ebe7ceb9b0eac39eb9b0eac33ae69d7395012800000000000000001f52734e77d33cd7674ebcfb75e7beb8f475e7aef1d3bc45d1a89aa18385352932e6926b4614153431a10000034c044b44b2ab371ab8acb4a871649144b183845210d92309281d2a8434372e08a9a8871a2cdc6cd22c00a0000000165acc72e1d58635cb875619d72e3d58635cb8f5618d72e3d5cf9d401289a0000000000000003d7599b6bbe1d1a9af465d3bc69d79f4ef1aeb35aca02c295c09a1454129ad44328603a9a00210140c00040a18914e1ae9593cb6acaa2dc38d1c329cd4509801001034c2a19720225170454e559ec435a89853000000013409865875639bc9875e18d7263d58677cb87573e2f373f573e3780d66a00000000000000000f46a74e935e9cba7535e9c7a358df7c77de7669eb2c0474012d1317162029014c01d4d403400c4c0134242a12514a52dd6551bde570eb3a2eb3a8d1c38aacd964bca880aacdc5a5356660e54d54cce8439d44050d31881800000d0002cf598e5c3ab0ceb979fab9f1ae5c3a70c6f970eae7c6b9b3db2c54028000000000000007a3b65bf59d1d18745cefbe1d1ac6fd186fbce82359a73458029a9265cd34d6a2001814d54098a00000272932e1441086d558e2aa2ac6e4b2de746af3aca8925b202c851a3c835980a21554a9d1a956524034e8070c00001a60008604d230c3ab9f1ae5c3ab9f1ae5e7ebe7c6b970e9e7c6b9b0e8c73a8025000000000000000f4fa30e8eb9dfa30df59df7c36de3a37c37d66e955854b28404b5529a4135a26313029a728040301058939225a942aa5974a6818205acb03596e596e1c5a970c945ca43701a10c692a724d520180300008a13000001b4c134a0249c3a32cde4c3ab9f1ae5e7eae7c6f970e9e7c6b970e9e7cdcd35340000400000000007add187476cedb63b6f1b7463d5ac6dbc69acd345027030042a40209aa01d26114d300251340348a6910599da63ce90dac94198d6f001bc268a6e5c3721484090310512c10872d0dcb2841404a0dc030432c4c01a069a10d067ac4bcbcfd5cf8d72f3f573e35c9874f3e75cdcfd58635cf3a2cd8294a8680000000000f637c7a7be35e8cfa378d3a71e8de36a9ab29a60c204c14d2a4c648d500d1305a684682100a0020201bc6d36f3b4504aa9339b9e98406f9899a269c3000010d500081000004269831ca5270d8e50a492329016000c004d2934a39f9fa79f379b9bab9f1ae5e7ebc73ae4cfb673ae29ec9cde29eccf37927aa0e75b4440d2800007bbd18f47a39edd38f4ef1aef1bef050c6270d8c45212a448148158c1aa068da702612301009ab9a0a39ec63c6d0c599d22e738d23a665a37cc03510318c000432a4a449484304d9123728c728538543942926654d8266a0000009a540465cfd584bcb876c66f0cf7679d71c76466f14f5c4bc79f6672f267d5966f2c74651846d19b98d2801f43d19747a796fd18f46f1d1b65aeb2c2913295b1c25485352242a40c60200c6000020013417179d503c6c1bc744c70b3d73b33cf5cf7881ae9869962194daa443290c10c12a082908603579b34de7436e54dd6495a339b9de6535a826ac1cb869a540095a339d94bcf9f544bc91d712f1e7d99c7165d98e6f263d78cd7265d78e2f2c6f9e6e31b659b202fd37463bfab8efd3cfd3bcefac5eb0ea682a6b2a0144e452e4132a5a631a1808c18861230400ae2f3ab6ab1b1b39f406e59cf6cecc6748de339b9de007a898ec18c00d413040d40110c59190ae6e52998d14562aa2e599d22a2349de734e75810a800a1509304342184cda227498cb2e8ce5e6c7b32cde1c7b30ceb931ebc73ae4c7af1c6b9b2e9c3372025fa8df2dfd7c76e9c3a378dee2ae69cb29cd45392510849a0004d3a634000da680d2a00434171a66d5cdf3d8dbe7d10dcd4e7b67738c691ace6ad6f30c7bca60831d207a8930430001802182b9bcead95cf4a9d634a8a96274cec88d33de622f3de04cb0028a9a815201849412a91298671ac1967d1966f361d78cd71e5d78e2f1e1d7cf8df2f3f572e358811f59b67a7af96fd186fbc6d515acd3965387164a968970000805534526a869a0d5000b23409905cdcb5a469cfa532b9ee46674a348b319d635339d235881ade419626aac968d46008650d380681314d22f36ed5f3d94573da6e15e33cface99675bc068f59819620749b621a4010c4872d0818958651d13971e5d5cd2f3f3f4f3e77cdcfd5cfcf5c9cbd9c99d738ccebeb75cf4f5f1dba39fa3a6351173550594e2a284a5a24969a702a90a9ba6009a6152c60424c10c0d22f36ee2b1d34bcef9ec4e31ba822c5067acb846b20deb202d645335a115a96276098000c189315e9378d5e99df3ddacb9f1ae8e58a26ba36b396f78d4ce749d6729d15ccb65218134ac40592a9098426d83648a34939b97b395ae5c7a30c6b9b9fa39b1be6e5eae7c6b98a25faad72dbd5c75df1e8e98a62d64048eb3a5b914b551595b96ac6a15cd53004d03698c1c48d0003b8aceaea0e7bd6b1be7d349a9ce8cf49329d5eb38bda6e739acf72659ac43bab24d26934f506021960d30072d544e35ae5999dcbdf7c6b1e8d2f364a4467acd994eab59c6749d481ab901d8951598d5cb0a20b44b090149a24563cdd1cd35cdcdd18635cd87473e75cdcfd5cf8df38ccdfa7df3dbd5c75df1dba62d35aca9a5626394128ab8a96ea6a569c8dcd140026000534e1272024538ac6a9aae7d1e8b4c6d96f3a8360c96916465a676653a9ace4f4359956b512a1332a75189ea000989280951579d4eaaf3aab8be7bba8ac6818b3373733171a919de7aca4d6a3a97720d54cd4eb2ea691a144c914e6556ae28cb9fa70979b9bab9f17970e9e7c6f9b9fab0ceb98a337ea74cf4f4f2d76c36de7496b78124372c69a8aa8a96ea2a5a0055345000304d0539a851700872bb8d31aad274c747a2be7b77379d13a4111a4d992d0b315a4d99ab9d4928d6606ac99b9b258b5960f512b90a9a95d4d66d5456377517cf77a67a674d0a550b96cdf2e0cae7bb3e28d4ee38f4d67aef91ea75c60ecd6a2f596e1dcd42914b29140c199e5b651cd87573675cbcfd7cf8df373f5f3635cc3337e935c36f473d75c74de3625ef2a6e6c553434d43a9a5a6ab26028d50ea6c13508686e68234921b336b48d31bbb9d39f4ab878ddd6066f44736675c722aea38dd9d718a3659bd66923509a9b9151a90ad6b32c2c6308612b7352d54de3757358d5d6718debcfc5e447a3e7f9b96a7a079f7a9df7c9aea756bcdd3668eed98b77acdb6b79948d641848d0224d1c513168e7c3ab9f1ae5c3a79f3ae5e7eae5e7ae6119d7d06dcfaf7e7bde1af4ced79ebac09ad41aa12a982a5add45c3a9728e595a6770c010c134148a596de29a43cef530e6e7becc7cfe7c6fd5cfcc337bd708bdab80aee7c2ecf42f82ecec7c955d77cbadcf53cf5b1365ccab9d4954ac18c956a1364d3b9aceaa73e0c6babcbe5e096f89d18e9a3db2a34d4be8cfa4d7b32ec92ab419cdd3de5cde7bc482d65a50399929252e95851b19b0e7db0cdc39ba7971ae7e3dfcfe7bccc0cefea35c76f472bdf2db78daf2d37969ab94d15491034cb72e5b73528c0ab8b8a0648d00015352b173e75b61cdc98df571e1cf8d6b9e778defae21a63964bbe9cfd051196a7569c3bd766bcbd06fbe1d5269aad11522c6a9d999a2b20a421b1142ce55c99b9f9fbe135c71e8d1c0baf8adce73bd4adcdc5d33d186dd5874a59a1ace4693bc467a65bca823597094a08cd6c79a95b5cab476619ebcb19f069e76379f0d63cf6012fd56d86be8e5b5e37bcef78def1bbcef504c496e40155d45c5d454b40e575171553409a81341158aae5d32c6b1e7eb59df0bee58d71475659d62b7d578177e273d65cfa6f973bd3a7a397a53abaf9faf37a7a30ea8d75359327b2332d10b42cccb550ad125671972f592f13efe7397976e0acf87ab0d39fa575569a8f2ae98eec9751b582d23598cf4cb788c75cf78c67593256b3a9a1e3437a6753ad6a446dc5673f9dbf999b8f9dbf2e75926a50097e96f0d3d3cb7d30d359e8bc35de76d71d759a19624d58868752e2ea2d6dcd66ba922ea28a1384984e5be52f3ce867737579d73e3d538d71d77692f01d7c92f3f06fe7d73f3eb9ecb6ae9a5d796b1d1d7cfdf96dd91d78b5ab71136961d04ce88ccb7664f44653ab309df033e2e9e638f9fbb2d4e08eecece7dafaeb2dfb37cb0e9d75972ab9b273acf599cef3e9ce113bcd2a72e53bc72de06d78dc6cef243e689f36f8b1ae7e4ecc65e3c3b30d5e3cba79ec900f7b4e7dbd1cf6d71d779db5c34b9df5c34de77acaee496a842b1d4334bcee5ba8a8a68969c38ba8b958d419e932f396b3a7aad73ac96d12b5386751c1be12f1f377e7a9e7c77e5a65b2e8b1756de8e6f3fa1a6f92d95e75749e752a888568974c956566ad10db33c3af14e2cbb62ce18edcf53867d0aae4ecd7733daeb35153119dc599c5e7d3119de7d79c246b2c9336ee6f8f4ba9be5b42cb163837e5ceb3cf59c6b9f0ebe7ae5e6eae3dce6e7db0de50167b1be1a77cf469cfa6b3d1a61aeb3b698eba9b6995eb026f52532c181579d4695954ba38a8749cb559de6d812b4d4b0ac95eb1a67465ae72f3f3f5672f24f5297933edceb863d1d6bcdefeae933e9bd3256ef3a9b666b412804a014c4000098898c59eb2651b4d981b9589ba26ca940208bcc8cea37988acfaf39cb4cba73cd95626cc564c70e9abe65cba7567999b3cfd19675cf96fcd2ce2f9b5170d71ef139b5b200f574e7d3be3a75e7dacdb5cb4d676d71db59d76cfa3784b45664693642a8a6e19779dc5d6759d695179b5a45e34c6a5040c9174acae5b9a232564d673d152f25f5e92f369d0461a554aadd668d12b112b1031300100060086a800130828100a26a18851c90f2bcac9cab3e989879f5e6a1ae9cc72b2a833ce96719f3de8f3d71ad693c599d2796f9b977e0d4c3cedf8bae72815000803d1d33d7b675d62ecd76cfa378d378e8b9bde77d661691739cdc567171a886537359b7a65a675a691ae354dbc6c9a9965134c9134ac99b563a43a7534ed3e7baa979ba12e528256215888a258c458c01800023028020004081028825042820692859565bcacee7a622748ebcb2cb4c379733395cbaceb09ea52e1a51cedb9396df33e6c5c78ba7cfdb9f8af0d1016081002bd3b8aeb36db1e9b36e9cba6e74e8cf7b9d35cf4d60cf48b338b9d4ca6e3710d0e8bce96ab4c6ef49ac6a8978dd67a4e759aa8b126b79573497ae579bb56578d6ae2b9ee904d3a4e5a734ac40da0602313181630001d80304d0010934a902804205289a2535511a46b31371d79c45e5d79e7cfbe373951a05b7034f16676396f9f2d78f9e8e59e09a5e6e9cba4c86a082c00000f4ee34e937e9e7e8b3a3a39b7b9ebdb976b9def0bd67599359208dc798a81515ae5ae75a5abc6c696374e2b1bb43cea6369b323435982c49b97175358d5dc5e37545674a815889580372d18160d318160d3180801401024a9cd2950c5404a954c000a69567379eb339de7d7946779f5e719d46f33a2ab9690538cf8efa31e7e5e1d6f833e7c69e1a4b5cdcfd7cda980d5880b000003d4aceba4e9e8e4df53ab7e4d99ebd79b4d67a5f3bd67a5f3ebacb8a5a90add45eb4b1b4de6d34636e59cf6ed56774158d00c803594a9c42d15852acdad634c6f4033b0094060020c6005834c605834c627600a04140c543508054990934a0104d4546771bc4677976e5395e7d794aa3a624714f2c71e7ad7288f3f639ae3974e79d62589d2639f9bab9ece69b8d4400016001e8b4749b6dcfaea74ebcd69d97cba6b1d1a63d1bce9bc6face6b62b3d13aa4a4aac8cb63233bd2b3be7bd74c6f1bd1e6f3aa49c04c6a68a691b417716b7a65a73de8c31b4c2500401803a00418030b0698016000000814021029400434a2642cf4cb5273bcfa73cf3d32ebca33bcfaf3099dc39af1cdca6a7974734b8f5c6749e7ac32df18854930e6ebe6ae5cf6c751000058007a2c7d0f4c9dcedae5bea69d11d3735d33d5ac5ef35acc4546884d14914e472d3979b7793ceb6acb4c6f4accc6b489a961dc59a19bd4b7152eb5359d69a67b73dd36b1b43210c007498003401d0023000515a2c91b19545908b59c2ed3828e8ae7d0d44c4c08cf4cf5233d33e9cf3c76c3af3ce2e7af389b8acf1db1e7ac634cb1bb69f2de73a4f3de5cfd7cd194d42473ef859cf86f8689340058007a691d2171a56fd1974dcebd58efacefbf3ef71bb837952e352a51486093043215e759d6b59563576b5c68a92559d67a83575579de75ae99e9cf7aed8ebcf76067402500006260830a182008739e06b9642ed590bb1849d11cf074462e3571669ae5b26b53409a222e3798cb5cba73cb1d71ebce115d319e5ae3538e99f3d6596d8e375717cf6a6e39ea30df08e6cab9e8e779110d5826800b000f440e90db3dcdfab9fa6e77df1df59d77cb6de3454b59cd52d491aa49824d23192c14a1eb9de75ab878d51372a9b8b1548b779e98debac6bcf6ee6b1bbbcaf3680500018032801027134c2215c894530d68b199748ce4d1e7697a46a8f59d52b59d91b0b04e488b8de631d39faf38c1e5d39d5456f1386fce4c54e37963b639d9a6378d5c28e7a5cf584bcf86f85671a418ce99c802002c003d261d0f7c3a13a7a30e9b9db7c76de36db1df58d139de6539d4152a49a543503081321b2a574ab14a915e24156b6cecd96dcf7549e34ea5e754e5cd6959d8da60000c14dc1967ac194e92d671a4b59c6b3194eb0b9ceb04e93a25eb1b256ab7b9341a000456562c4e5de2b91c76e6a99d312e4b99c37e73349e77396d9e3589539de79de78d446912e3cfd5ce631a42679ed9c99a6a500b000f4c0eaae9e7e94e9df0e8b9db6c77d635db2db78d139d66106a0c2926a543400a0105de771a12b1a7239555eb2c683c6eb48d31aa119b4e5cd53925b70d75ac6e5d1cb18345372653a42e73a4b592d25729d65725aa319d84c75be84cba35d199b001820cec5cab9359ac0aebcc2e3af34837984249c77ca5c06a69c691cf78e7b659d463be79de51a4467874651cd1a459946b118ab895008007a60ba4d3a39ba2baba79ba6e37db1d758df6c76de749a9de6106a31310d4a934099123455438b72f3a74699b5a2bcea4b58a566f3ad1e6e5b70e5b704b64135a565735ade346cf2b280498d65738d65725ac992d5192d9985efa19eb4d10c40010452e47cb7338d9db9941d7912e75991153368596d92e11ae79a1558e9cf8f4619d6714b3acb3d2233cf5ca5c72db3328d624cb2df28800003d241d269d3cdd3674f4f3f4dcedb63b6b1b6d8edbce9353bce68351b4c104b2000dc42722a9d21e8af3abb559ba3931a625026668e496c826ac872db833bd2b3a9ad6b3a97479d5695934d8ce91cd3b735a8646a10ec91300000010674729cd72f177d79c1a475e4816b24b34cdd314d25ce35473cef9e759b1635973efcf9de4899567a4ae2ba44e48eccd38e3af1cb9b9faf9f17054a54317d007d737d5cfd36756fcfd173b6d8edac6db65b6f17353b99273a94e681352a04534e226c55a2a8aa9acb424ceb47954ba2979ac44342cd04a6a8ce73ad9e579de959b9adab3735a3ce8d1e75668f2a4d2b2a357933522918980020140cac7c93cdacd4d6bd39494b7ce22e77982aaa4a5512e15d2b215c1196b94d633596353cdb639d62b5d2a35db5de7963af393972e9c72e5c3ab0c6b970eac31be49d3394107a60749a747374d9d5d1cfd373aef9efac69b67aef0e6a379ca5ad29cd0d0a54096ea6a25a7054b2dc3cb49532dbcee6b473593254b52b3cae26e6a6f478dc8d6774419ded78db5a3cdc68e1d9a3cd9a99bb34aca93479b35ac59b19b4b53cd5af0e33bc3d9e9be40d6f129ad6646ea538521ce9205554dc4e7ae5118de4b9e3aa9ac9ecd20d16a3d72d6c8c7a31cb9f0e9c71ae6e7eac31be5c7a31c6b8f1e9e7cd9017d46cdafab9faee7a3a71e8b9d75c76de36b8be9822e359ca6a74751454b254325753448286e02dc5454b52bbcea5d2b3ac5a94b353d748ced99d24d6769359da4ccf42a6a69d4068f3668f3766959b4d1e61abc99abc8b359e7e2b9e9e33ab78cbad5ef9006b026b5949aa485533516a96ac4eb455a8f3639b6c0c73b9a86d520109a562db1d0bcb588e7c7a31c6b9b9fab9f1ae6c7a31c6f979baf9b3ac8097d561a69d0166da86b1a681bc6941ac921a99c868e825008000a012084043612b400c25aa0c57a064c01209a10676809b40674d84d081a0046c06c106160c0310b30b0d635b0df32835cc416302920a482a642860530949059cc2cce410402029a0130b3441967904b96418d63018de3886759012fffc400221001010002000603010100000000000000000102111012142030401350600304ffda0008010100010502e6eedb6db7c318c631893f05555557dadb7db2318c624f06feeeaaaaafbf231c58e2913bb7f7b5555557dbd3498b1c522276edbfbeaabc2aaafaba69a69a6923188893b36dfe06af0aaabed48912244c5270db7c24fc0d555555f574d34d3491314c5271b786bf07555557d5d34d34d244c52766ff000d55578df574d34d244fc5d5555e157f495555578555f4b6db7d91386bf11555555557d1db6df09c2224fc55555e15557d48888913f19578d555f4a222227e36aaaaaaafa5111113f1b55555557d18888889f8daaaaaaaabe84444444fc6d55555555f42222227e3aaaaaaaaafa111113f2155555557cf1111384fc7d55555555f344e3113f1f555555557cd1384444fc7d55555555f3444444fc8d55555e1a69a69a6bc3111113f2355555a69a69a69a69a6bbe222227e46aab4d34d34d34d34d35e088889f92aad34d34d34d34d34d78622227e4f4d34d34d34d34d78e22227e5f4d34d34b1ae3aef88889f9dd35e28889f9eabdd78c44fcfd5e355578c44fd155555e3113f0d5b6fd6d2aaaaaaaf189f85dae4b7869af5aaaaaaaaf644fc1dc972e1a72b5ebd5555555ed9f81e65cb869316bd9aaaaaaabd913ea75eb6d72e1a4c527b7555555578c44fa8d7adbe1a4c527bb555555578444fbfd34d7bf5555555784fa4d34d35e0d7da5555555e1384fabd7bfb6dcce67336db6db7e7aaaaabf8cdb2cd7fa39dccdb6db6db7e8555555fabdb6db7eee59e99ff55fe8e77336df7cf3555555fa7db6e673399cce673399b6db6fd6b933feacff00aae6e66db4bc2235e95555555fa4db99cee773b99cce673399cce66db6db6fd2db2fe9a67fd597f46fb62244f3efb2aaaab25a9f45ccb9ae6e77336db6e67336db6db6dfa76b2cd966b7872b5c644891224f52aab2acaf6cf776b92e6b9ae4da70dae4df1db6df64f42d65932aae57276c8d24489eadacab2abf43725c9725bc670dade138edb44444f3d64ad391a5655b449c22227a3a6956b2acaade33dddad55569cad7669ae1b5ada2231444f35e1c8e55655955e1127088912775f169a56559565932bf49a72b95a569cae572aaae4df08888889e6d34d2b2aaad2449c71898b5e7d24e3956559555fa3d34d2f0d395cbc2b2acaf18911111224f2e9ae16b2aab1a69a4898a6098b4d7874d7649d99565932abc34b3e9b4e569559564bc2449c231631224f3d55569a69a48c704c5a48d7974d7665932abc34aabf417b75c6b2acaaac69ae32262c70638a4f46ab4d34d395304c5235e9e592decaaabf516af0d34d34d262c70638262d7a5634d34d395ca91af52aaf65555e33e8eaab4d34d34e54c18e098a4f5f4d34d35e96db6f85edaacaafd469a69a69ca9fcdc891afaedb7db555726592dfaad34d3913169afaedb6da76d5655955be489efe9a69afafabc67656559564be09c62227e4b4d709d995556557be7188889f8cbdda69ae3b5aaacf25be2888889e69f7d7c3ae15595659b2cbc511113f316ad5c9964abe288889f96dae4cb35cd6aaaf8a22227967e1f6e67332c972ecabe289c2766dbf04f567d96d726d6af6d5f144e138edbeed35f87b5726fc357cdb6f8cecd7e22d5bdf7b2aafa111a6bbf7e4dfdfdecaabe58889127a7bfa8dfb37b2aaf8e222244f535e29ea6db6fb36db6db7e4bdb785efbd957c5111113de9e9ed6b7d9b6db6dbf56f7de36adf1c44444fb0b5beddb6db7e9decbdf556f962227d86d6b7d9b6db6fd0aabc6f65efabe68889c67b73d1b7dab56f86f65ab785f34444e13db9f556ad5bdd7c77cd111384fbc91aeeab56af7df25f2c444e33d6d7d0e9a4891aeeb56ade1aeeabe4be58889c27dbe9a4c5aefb5955beb5f2c4444fb7d3493c16b2ab7d8be4888889f6ba69af05ab56f92f6d5f4a22222709f65a6bc56ad5f4aaf769a69a6b85ee889c2709f7b6ad5be9d5ecd34d34d34aabdd1138cfbdb56ad6bd3abc6472b4d35c2af0bdd111384fa1db7ed5ab97093d6d395234d70aaabc2af6c444444f7b6df0d7b3725cb849e9de3a6b84eeabc2af6c44444f7b7c34d7b1b659ae7c24f46f6ebc15555557b6222709ef69af676cb36ed4c5279e70abe7aaaaabd911138cf724f6ae6b96d26d279f5d957c53b2aaaf0abd92a671f247cb8be6c5f3e0ea3075383a8c1d460f9f17cf8be7c5f3e2f9f075183e7c5f3e2ea3075183a8c1f3e0f9f17cf8be7c5d460ea3075183e7c1d460ea3075383a8c1d4ff003755fcdd57f375583aac1d560eab075383a9c1d4e0ea7075383a9c1d4ff375383a9c1d4e0eab075583aac1d560eab075583abfe6eaff009babc17fd783a9c53fbff3753fcdd57f375583abfe6eaff9babfe6eaff009babfe6eaff9baafe6eab075583a9c1d4e0ea70753fcdd4ff375583aac1d560ea7075183e7c1f362f9b17cd8be6c5f362f9b17cd8be6c5f362f9f17cf8be5c5f262e78e68df0ab8b92bfffc4001c1101010002030101000000000000000000010011401020305012ffda0008010301013f01eab2fd567ea2cbf5199f866832cfd3ccb2fd567eabf24f57eab3a6fc267dce8fc267dce8cfc06740e599d9cd9ecce81d19d8cd9eece81d19f80e891ee6aba2757ccd567408f6348e8ce811ec6b3a044681a07467dc88f62359f7223dc8f07d19f723e111c33ee6d3d7162c70699ed8b1e4cf2162c718b163e6bc9ce2c58f9acf0471882c7cd667823aaf77c4f2c58d167923a3a38b1b4ccf63488ec46a333d0d3223b9a8ccf19e08d2383b9a8ccf21041a447723519e4208d4cc3678cf2469b33c911e8f88d9ea469b33c9eefa9ed8eecce8333e846ab2f43d599f4355965ea7079b3b79eab2cbd8f5677d6597cf367c1d33d16597c0e337eacf8ba047079acb67cb367923bba0444792cba4767a63d4e0f166757fffc4001d110101000301010101010000000000000001001011302040025012ffda0008010201013f01f21047decccfc24107f01c3333db50411fc26667b1107f0d999e7bb710411fc36666796a3f31f9823ed23db333cb5111f6ea3833333cc8fb356b93333cc8f9f58d5ab56ad7266679111f06f07ad5ab56ba3333c488eef83e66667811f03e08f9599cebd11dd9c911f4ead5ab5e08eece488e4f9386ad5aca783e17c11c99c6f07567247767c11c99970474666707c2cf8238b3923a3333823bb33e08e2cf8ddbe8cce08eeccf938b3eb7cd99c11dd99ecccf91e6cce08eeccf6667e0667047767bb33920b5923db87044756679efcb38d419de0e0cce08eecf9d5aea195c11195b76eddb96704475667c6b8eedf2233b96ddbb73fab79223ab3db7cc8c32e56ff56ede4c1f33d776f04461996dcb6edc4793e3dcbd376ede488c2dfa670e020f24706df0ddbb76fe1230b325a99820f4637e999f4cb6eddbf8488f0ccda8e665999f2ccfc84467533380e665999f4cfc8445ab58fd4e4e2796667d33f211118fd37e9f8d99f4cfc6444616599f899249f2cfc644461999e847a667c333f19111333338d71223dbe599f8c88cb87a11c1f0ccfc810465999e847367e40820f0f739b3f204107967a9c9f98208f4ce756ad4fb223ed08238380b56a667d111d9ec10472d5ac3333e88fb023def8b33e8b76db6db6db6db6e36dbfbf6e36e36ccf8ffc4001a1000030101010100000000000000000000000131024130d0ffda0008010100063f02f899bd232323232323232323232323232323232323232323232323232323232323232323232323232323232323232323232323232323232689a2688ce919191919344d1344d1344d11919191919191919191919191919191919d3a464646748c8c8fc7ffc4002510010101010101010002020300030100000100111020304050f121f03151614160e171ffda0008010100013f217ade2f8cc0df2841ed65b7f23fb99b24927c01d19fc9b6cb6f0cd87879970f4b337e47f10f52c999f20213c7f26dbe3785bf8cc79d99bf43f8c6667c0108427f26dbe3fcf078fe211dd99fe5659d7e2793e0fe97db33d04908747f1e7a01d688720eb99d46c1c7e87f0efa66648424843a3f8f2cb2cb2cf811c31bfe5e01c7aff309249087a03f8f3c89e6da17fc71ff002c4083afb3f2659f8de3d67d32490f2024927f11f0c3a45b332cb20f99f23f5659f819f20c90924fc59e01d0186df01fab7a7e30f6f5f8bc084213084cfe1cb3a30c30c31c083ea7d36df07e1cf6f19f9bc08438124210fc3be10c43d02267eadf27e03d333c67e89084210842109fc7878210e41f067f2ef4fc07b665967e8c210849084213f836d8e821c87c59fcfb0fe765965fb2490849243f18de084231e0f8bf9f6d8fc6f36d9659fba4908421e41fc04211f00f07867f36db0c7c37e3b6db6db6cb3f85210f603f8421f940f93ec8f8ef36db6db6db6db65b6db7f13f0003f5801e5f81f27d91eb7c6dbcdb6db6db6db6db6dfc4c3e200fd8f701e0f2fe27ce59f3db6db6db6db6db6db7f500f20fd8f4023c1e5fc2cf72cf9ef9db6db6deefe7781ec07f180e03e2fe16799f8b7f73fa40011c08c7ebcb3ffa50003811fe10ff00280024b2cfa8210e0fe0dfe31f6024f379bc33e21084211fc1b3fc5be404f16bc18c63c13d0e8210fe119fe38131ee6b18c63189249f002107ec3e0ccff16213c5ad6318c63189249c4f210f61e9fc47c19f81fc22746318c6318c49249249389d1f103f41f0667f73f8726318c7818924c492499f980f4f83ec7c19fce78ce6797f0e49249318924924933c3f8103e0cf1fca733d3d7f067524921092492493a3c03ee7d88f6ccfe63c6787acfe1789242124908780f00fb9f623db3f9c8ee759e333f85b2c9249248703a31e01f73ea44447967f3111e994c6efe3cb260f80063a11f73ec447a667f29111e1c747fcb1099f8b2c921f002c47e20fa911c3cacb2db2dbe77ea44473738237f9629c3267f1bf1826223f08fa9e089eb33ccb2ce32fd888b67875637c0a9e32cfb1e1f8c0311f883ea78d87accd9c6593e02cb3e673fc382ac2ece719b2cf83e32cf6fc4818fe0c6f0f39c64ccf32cb3ebb31561f443ce59c7e99e36db67e280f807e03edb6f4ee5967199e65967e0148447c19f6fc16d86df88030888fc07db2cb2210e19671992ce33f011e4f2f19e6db6fc596db7871f6009e0e0fce7a22208222cf0d9c65967d8f81e1966358f41d0cdf1b2cbe99f203862223f53d22088e9c78f5fce4756410f063dc7933bb6fc19e821d18888ebf63e2f48888f1b3c1e1b6dbf988b65867feb6f3c0a418799047d4cf0210eac44430fec2222df01afc711b6f9cf991cd8084b5ff00e667a9c03c089964113ef6d8e3c1e82a22188fd8474d631f4c10f2e21f63a820e1665b7f960e1e08c1659071f2b6db6c4df8055fe6e06188f911e8fa6ce3b6f867c494ee20c30c7d33b8f36666458e3967a0ab3991c7bb2cb6f1e0db6cbe88ac44707c4f470f9b9f2d3b7a7b236f0520c31c11eb3c659e98d5b631264f0381e14cb2ce33cdb65f39e19f13ade111110fe825f372ad8c219e05e0966114a5c182cb3b9678cf0a5ced8993a1ed043a1b2cb38ccb6dbef3e627844430c7c4fc0574ff003eef32799fe3c1297223c0b2cb2cf1967aa6f1fe300f03c8f887b19c66787de411e895af8186d86221b799e4fb33333d0c1308561c9e70770f063dc42cb2cee59e338cc3c51ef0f4c1675881d6664b24b2ce847004a1e3ff00f384f46186186223d9e0f933278424ee54c9f61621e6a7b19e32cee5964fa03fcf83c4f20329326666799d12cb380413d747849e078310c31110fc4fab31059272753e6a16754381e1e0e679cb2cb39967802635af82679a66667877382071ff001c35bfce49821c3c1862222188fcc784130225e523cc22d3cf011dcf1967a484279b5f3d25099999999e6dbc20b39b9d2649210eef06222188861f6447c0f0c9041049c5ed49ad6b09b78c88111e32cb3d659270635f2c943acccccccdbc23836cb2f33e1b9e88622186239be8fb241044f80f06b59fe5dfcb807320fa659d4b24f2840f0ccccccf73bbe12f0932cb2ec5d2186186222399f0df67ac889993c0634df031c481641f972cb399e5999999e1dd96786f19e8b2cb8ebe0618622221882cb2cf3b6f0e6f08f925967824c7b041659f973e2ccccb2cbe5663d875e1f35f60c44447020b2cb38fc0888f5bc23c67253867020fe0199999eedb6ca56f4733c0572fa3822108420b278cf8de111059eb7bb6f420e9dcfe096599eb2db6db33c021d5e2f7b17c0442108420e3c67d1111e1f1b6f08e078db6dfe0b659f0f0dbdcf2367814f86ff022118421d33c67d1108f0fa2223dedbfc13d6678781059ccb3878563cb497e07021d08eb333e0b20823cb3e3223847f14f19999b20f24c478fdfc87a816c36f1e3e0888f69659659e0e11fc3b3333333c0f3fe1e22d7e80f014a186db66596db7a707c72cb3c11d399fc2b333333c3c318f0b32f1f984a50ca186de9b3e4211e48f8659c387f0e6666667cace783c2f67af47e04a50ca1b7a0c782173d9f42223f866666667c61c9d719993d0fc0886186386c420b2c881e36db7844777c6f82223f866666667c93d66c875fa02218618884238678deb6de116dbdd9783c1c23f8566666666d96667acf04fd810c310843b7933e1b7870b6db639b3c645bd3847e6db7cedbc6dbe5999999e3c667c3c13e83f1381087211333d5f5b6c45b6dff003d2db6f088887e3d9e8db6de8f70c31e19999e1e3d3e4f1e1996529f90421d089679b6fc0b6db60838cdbc222383f13d2d8b7a35e5b1111e1e33333c78cf4787965e92fcc61e011f720e6f1983a44443f8178b562db786bcb78444478666667c199e18f0f2f82ccfc8c3a11113ccf9911cdebe088888fb3c2f5bd1adde11111078678f0a5e0f1e18eb2ce73c67ed04704fd48e6c78db62211d23e6bc57c6cb6cb3d22220820f0cccbea19e33c16dbd07878cfda0e0e3f8d65e04108f43f1664b3d659e08820820f2cf4f68b3af1bc64eacb3309eb3f03cc1c1c7ea70eacbc08208f81f06667de59d208381e8baab6ce3d7c1938ccf5e999f81e608e99fa11c5b799102223e23ed9f865965910e84f88ddd8f07c0c719e33c66133333ecf307071fb16f4820b3847c761b7cb3eb2cb2cb38390b9f113fe60e3d78ccf59999e33c33c67d9e80471fa9e420e659f1db6d8b61f2f7399659659c1ca1f3103d3c667b933c678cf0cf1f67b40e3f84223af76deedb6dbc3c6f86cb2cb2cb2ce0a7d060787c674d904f9199999249927e8c1d3f63810411f0db6db7c16dbcdb6dee59659674cf8e1cd733cbccb2789259c7a3c67c0c6313e42707071fb05911cdf86f9de11e36db6dfc18763fe60f59675b2c924f23e9318c1c09f82238238cfc0e3c08e1ddb7e5b6dbcd8e6f8db6db7eb8770d41d7b9c7d333e06cb5e8c62702484fc40e08e33f03b9ef6db7e41d21b7c6dbddb6db7e38f255e19e72ce33c3c3332ccf274189d0424fb000e33f03e3b6f0f1b6cc67f963c361e6f37bb6db6db6db6dbe72e7ff003eccebe0e3333c36452e42c999921c3f21884208e33f03e1bd23c6ccff0098a63d1cdb79b6db6f76db6db6db6c1096d02fc46de3e324e1666cf22267e005e65908c611c1d67e07adf0795b6371f096f76db6de6db6db6db6db39e2f0587c367c90b3a3367a238cc9f3007b11e0cfc0fa1dce39f5db7bb6db6f36db62278b048fb1022d970fc5719f20fa00bfe831ff005b1ff54242821fe94e6b4bf0444491cc3e82232898223225bfd291ff00e691fd5dfd197fa65feb97fae5feb97faa5fd697f5a5fd697f5a5fd697f5a5fd497f5a5fd697f5a5fea97fae5fd797f4e5fd797fbe5fd117f445feb17f4195ff00e3949fd5dfd197fbe5fd017f445fd017f405fd017f405fd197fae5fd297f5a5fd697f4a47ff865fed97f4e5fd397f4a4c2c2f80cccff00c27fe1e18807fd5c232343ff00533ff5b3ff00b4998497ff00c2ffda000c03010002000300000010d0093241733141eb8d3e80b637d06f255a6e6b269ab9a8adc4b62c207a652ebeb9f0000000000000052c2b9b00f216e3e4d023b9ef7d7f12eb0d5043daaebad43270a0a4ea670a2e306500000000000000221d67861a70e77fd869bed46fa8719453cd1f4755f4146b55a5b2fd957017ece46bcfbe082082082525152f6730c9b73810d7ad05f474ff0071b7f072a415499c3cc1b82acb067a9c2b7676fc8000030c027197b617742a5a1b9a8ba3aec7e7832d8ae220f047343cfb2ee7a2a420917d2557171fae082082082b1a6493f0a0a4cdd1a3a0802e42f0c40608cda76cfd4fa6f2d82030c20820ef3411f6296882082082764f2182c6926a5ca6e2ab553479cc2ae184e10c2a07d67f090477096a96f91fecdd68be0820820822eeed4b06d1accb791fb7ee35c97c4243abeaa0e88984992021dfa3837863a9645a244ea082082082f0b6c2fdefb2381a656d23081c4ef01c30fc0d8c0c89ed30b4fa52083a86f959a64e763e082082080fcdf66faec9cbc5a6533ec8984d644545c1041d351ac38d4416573202daa505279002bdc20e08830c0413d200e08c1c766734e523ef0a88ae1068cbc01fb8af9f3c51134b18865358608acc9bdb4f3cf3c2e375c33ee944a46e415ff2abcb081bb0ff00849e984224f2eb388469f2a5615488f7d319b9b14f4f3c0e14722a618a7ad619ad1c5ce972809d0be8e3c2a0934c22e8444487f741d58b965f67e968e86ff3ced711b61ec9233a7fb14105d29942c697d5280b243dc10112f6013acb715ad6f2d00c201ec4ff00b1fc8e29682d69ee42cd15e71c69bcdd40ca34d6a53351601806c65eebf003ce108225a555cd8ca99ec40e31ad64620e7ad4d3c844220243998dc7ab9be2e1ecf708151dc4f9d6b5f34b5e2c822919c4af20bd9b4a1016caf3ef6129e4091306a4731621cca99b4fa0e5da135ef4439c52f1004651c2244f75221721a87a0c68523dd4a2891eeb2bc415e1f56519ca20d6d565c1084d72e601303e00d2a6c077f0a626fd4f8b73a1cbc5bf1f2c43a9bc8215b548a0c8cfbd95ab98406e04be30a6680cfa3f2802ff0084a28580ed697314ab980159f1052e3ade4e04544a2a76d14ef36edf3299ef7d1b4456218050c6c8c2bc36fa7d46a04ad973aa840f40b1ae9a3e0cf897cb4a9214721f8d220790c96382f5445c97adeb924a7974d8e23f1220b723bf11c46d9a4673db812c5df564525d191c8daf58072c49ba767f4f8362cb22b99ac9c21d02c4217c2391cbef8cf60394d182e80d31c1503791cf031aa48166c0bef33dae2cef6051019d3cc83973bf1b0565b62d394f4e53b5d81b468a846ba86ea7fdfc19331dbf306071cf26f81c372dbde3b14d25500f7f793d26e15d7457483ed2a88f2559cde4eb131cade7a60a403294e1938daafc52ca80342c122288389d3a521e9ad73dc20a8739e4c00d56d5c81aa6a1694908d8dfd57ea45b0772ee6ccdcf4348938c0fa5f5a1fc2dc921eed99812256d6815d03b6e762091baeffa29a90c2e59c6263a413dc78c3f87e420d4e1e88e2e13d718be82c4a726395c3577ef0cf3d2425c609a5e3665540ec641150550303e66dd7625cd74aa16a30c30cd079b9ca6587e7ecf3acff0f5f79f48549bcb466663471e6da3830a0bea52e4340903c416b87810a022ab84a145cdef8a7710bf0430eff5b32c6ad59221588c560a58aa27fc72c88ef52684c6119f3569e5b2ef5752363c9176811b92548b2e03bab246d24fb8c8bc832506ddf3daca1cb39b41a2df280356118c35fd7aed396385a81f97f3a356e00da97664e6325f79033d918bdf3d7edbf159b677981d3615a285e90bcf7deebfc95a81f998fd422a39f3f01a11b47c6ee70144a0bef3d5f5d87041a1810393639a2e95f2a0d96ef7ae178e3a9535d729bad91e5415d7e2257624f87493ef3c283d223c180bf5a4f5a0d23654e51d932c9089b61708440b07dfe31e950f4b500fde53041f1556f7c256561ac504e218e6c833cc560cb330443389fc9db8cf37f45358b39e3165f861d0a0183e2e756f7c1f3bea8f2886683d9f812fba8620f8bc53474073d20ccbae8e38da14cc1899f1d2a0d6e7154fc6f7d18f6e16ec175726c9240ba11f3a4e6501b4d4b3bfa7131d7ecee7100d5d6a2fc783e0bf57348def3df2063ac266e77a43ae5622bdc977ccd9dca4ef79faab0829261180b6919e609edd99778148ac60f3dff4a4722021d8b16f70c0e7cec6ae60746b93a75968c77e46930f1df464fef7127cb1f99d8e4dbf3c445a431a86312b9ccbfec3669fb074e468726370d8c344c30c3b6f7b4be0a58d44a5daecb75b534f277524fc60d39da55f48010196b5eccc54a64f9927a98b2c3fa55dcef9f999ebd408919fd28987ef4d4d53310ed6113ac10890d4584ceff525b5881b1799ad3993cd98c2a5159180405c62f40011a4a8ff00db99759577c8d4e2d0aa01449b462280813898521431ce33f6224b5f09d1fc02653b3ffe376a5c024c7a2f43fe0f22fbcf0209ef3c8e3f5c0a0f6171c022841741823782722f1df1c02371c7017810608fdfffc4001e11010101010101010101010100000000000100101120302140315041ffda0008010301013f10f60bf123f90621861861fbb297c88fe5222188fbf0f9c7f39110c43f3082e5f89cbfe206187e617025cc97c83fa8790c447cbbf93c682f7c1ff00886221f8f65961fee7d90c311f2594ffc622511f17fc9c3f13df227c77f848888f83294cfd42083079eef7ea430c31f070bec420824c3fc46110c47c1c2faf23041381f20f2fa22221cef9586efd48c6861f890463ec8618621061f43f52306381f123020b924faec3180c30c791c3e6460c4fa0410624cdcf80c30c4469670fa1e264924f8980b924c9f2188618d3a7cc8c104cc2667d983199b9f22188f03a3f33c0933263e88444cfec924972e63e48c11e0746231f6684ce2499c93c18220924924b9e9b911111a7f88138924924924e9118264924924924f44a233fd427ea604352492492e4f910883199249267d10c30e3093c11f0210c1898c9249249381060463ace19de6911e07ea687a64924924820888d759999de5cb910878193c0fb23047b6492492e410460dd9d670e04111c0210633327cc8c1176edd9f0972e5c9c020c7cb853076e910893d4751c417266664d23d104447a1de5cb972e5cf61338621182629c5cb98c924cce8c780c2221f1dc208f1cb9898dcb905c93d00475882e4fe4e3324ccf81d308d3c720820f8325c820824f2846080887982f7599c3ec85cb9861041722103e61720b926ab721cc0c44a5ef9666671c0820884e49cc2082082082e7c4f4b2f08618eb7e219b84bacc93333381042104925c8842083e661ed585d976223f2ef7d333332611a0c64b9046020f97234f272979307b1584107b6666674944a26718c1fc4ca7298eb76dc3863ed9927ca9430cb2cb77e23afc59ce6e7702211f87c3ff266667c8c60276677e43e797339e4e531a28997db38667c8e04ecb0f63e03a104172e5cc717c06251118fc19c33e4886ecc6088decba41041a66754b0c44447c3ff003c0a5f6478088887c1846b2cb3acb25ecb12886357d3e03ec888c1a31e48861bb76597c2e19f4bb83128c77c3e19d1f9110c3844791bb76ecc5ef8e19f4f04608631f4ce8cfb2233b8444627cf8668f90888ce849268f63c33867c9e087c0c443524f7de4267d25ee868e06484cfd43111ace1f990f9084125c92493c2f2e7779eb43d0f263d5d625288d670fd0d581e0925c9249979bcfece8e86f65c622306bfe4e12e5c8173c720b9879126173add6eb75bacbe072e67342e7e4e72e5cb9844467fffc4001f1101010101010101000301010000000000010010112030314041512161ffda0008010201013f10f01a437f608f0e387d1c30921810927e6f81dda0e79359fe0911a2484210f9ff007a7599423c1e931d1f8ba44632421087cfa176e928f723c07c1f3dbb0f86596ee111e042109f7dbb8ffd5d41676e70f27c999f3dbb2cb2e111e44210c3f15add222e583c87c1249931deddbbe83d3084213f10408608970223e892633e8820f6210843e4686987d92492492e5c822103c1e18780fc088420fb76ee1724924c73421081f4027e04210f27c5659832c6492e468207d41093e21083c11f152cb0e0c7e2bf1610d1f62111e4f82ca5bb0fda707e20924989e7f183f802e9cbe4ccb2c30fa6492498c631d1f9827c11f21c585a3f02cb2c328f818c493049c1f91e8f8b97094a1d1f4a52cc1947c124924861c3f908c7ecb7625286ec30fb2c3b2c10fc5f613131f9be22194a188f1dc529f00c3f30f07f5f071fa2b0894a18623c3a2410c420ddbbe1f0e83c41a98fd030c44a3061875c099790c30c43077b86243c1f92fc46bf60c4430c376187c3a29c18701870f4e8317e4a1d67e2cb46ec376186186187c2961d222188d0d610862fc946b8fc1c39d3487061bb7659614e0c0c765a0f475fd25e0fd43a1811830c41bb2cba24600e5d09860fc8c5e4b76eca52bb7f4946bf16746e5c8230e7306ec30dd965970300097981e42e0c29d4e25dc5f9294787dbe0260440c66ec37618c165c2259c21825e4e06139c1eb57e68447864f0ca5338118ccddbb76189d96ee112ce18117fc5c25961269dc6bf11287c3ae38cccce118e1ceddbb76eddc22198cef85fd4e7cb8cd46ea149747e430e07d332cb33339c88742cb2fc063062c32dbbcd8e96465cc56e10730fc8c28861f0cb933b77c38f135ac5f976ecb2dd8dff000d08ce7d2dda00f260620c318ca52bb0ddb932e60e8eff0011b240271ee0f23d10c318270a52bb0c32ca52f47c5f8ae5d31e4f1ff57e21110f22d0c32cb81f77c18308ea2a0139ff00db9df90c047c40f013f67c118c617e401769fdd3d91111e042126105c861f011f618c61b85dbcc47a22188f03404105c930e7c187d46387f25e91ec8d0f090842e41fc7423b7e3430b91391f206b33092e44ca5fc54c2349092e41e8c3423c3a6e5f9294a7f846d0e68c084ea7a23023d338e898ff00002ed9f083184fe4cc9acf92307a666596131993edfb74cf841e8649d67c9823db8666759fa85d331c8f63374c39e213e4f003cb338cc924cccfcc2e980e443777b309256093c421fc10739273130cccb83ec3ba0391a63bcec08e2e4210f0ee10847e787c38cb2cb3333a45df01dc04446062095702e618f80f8302ff0063fd23fd27fd27fd2ffd27fd2eb3fe92aeb3338cccfc48888c1badd70badd6ff00d2eb7fe98ffa4b0ce7ffc4002710000202020300020105010101000000000001101121312041613071f040c1d1e1f1b15191ffda0008010100013f10bb4cbbec6d2ec66fd293013316031de4731a310e93560a2b02425290d9ef0b0e108421085c14b2848420d0d145151451508a2848a28a284b8b963841463c0f2104d89b137126c491fe8d0753d47ecfb0c1fa3d04fd10bab06ac1a306ac15d60484a5604aecf71dfb86e50908428295c1a2848a1a19450d14515151514285345706387c530828a26c413626cd86c147dfe917e8fd8fd9658d8c265dd60732c0cc1a7057582bac08422ca2ecda3766ca18dca10842828b1085342450d0d4d15c5714a14d150c63431b18e18820a26c413676361b0d902ec7fa3658b628a61338eeac09542d56052ac1ac4a42868bb29ec6c13330969421284295c28214509143122a1f1485c14a14b1943832f83105d8826c4df023609b120ff45710512f02f2780d6d60a6852ac0e75835e0aea2e8506e8c463c4d0d0c638424252b81085c5431943450d45705c5152a286a18f91a105122d9883741b04d89b17f46bc0bc1f41791791792d6b057581cf487ba2aa29ac1842976873ba706829937c48484b8a950b8a8638a28a1a8ae0a2a14a4252c6318c65f07c6236604de04d89b17626c5d8d7e8979130bc8bc89cf035e07bac1556052ac0b5582d21e83701e33b8318e10908250e1085084210a6cb872550c6245152a2b82424252727f00925b041362086c371b84fd1788944a2f07d06b6b0555814ab02a54328b9f62b0bc0bc454318e1c28484f854108b2cb10a28a963429a285c50a46318e18c63e48289b13626c4d8bb371b269fe8abc0bc0bc8914ba112344085c257024250c6c631f042e0b8a626265c2c504a1431c328a2b8d1454091434318e0cb83e2a18a21b0d87840bb905d89fa15e050b506994ba85879e1094318c6318a505c90a109c8988505f05145145422842bc10a18e0e4b1b1fc0a26e0d86cc09b361b8d906c1fe8288aaec7e8fb9ac7f4d25989a1eea0543ff00214b1c394242972b85970b13109c2cb2cb2e68a28a28a2848428a85c43630c58df350e2d983c0d9c800d8267f40cbf467d8e707b341a305f5829ac152850f80e12842972a5f14131318b2cb1384228ae345712658e0d20c5fc2e14d983660d983c0dd0781e102eff0041f73ec3413515f58356052ac70484a5c1b8a10be04314596213140b2cb10a10b9d084e18d963637081fc8e2dd06cc1b8dd88104d883fd02e6b59a7069175171424250c63724217c2e1c5899f617a18b2c4c4c4e1165cd8f82658c363f43f66ccc4c372be4b760f03660d86c13626c4d89fa12e51a8d669c0a268e935c4f80f8af89c5965c3ef039626262626265c2c4c6cb2cb131b91861fa1fb8186f82e0b9b5c224d89b13626c4d89b177fa04ca351ab02684d1d0e82ea10850c631fc65f01b1b2c6fd8d946cb13f44c4c4cb2c42e0fd48a063ee3f47a0fd0c32d8f82e0be0513c144d89b13626c4d9b0418fe55b1742e8e8743a09a82d702ea18e0e5f357270b1be090b0516589fa21709c97043ec7dc61c0c30e06c6e14af94209b13626c4d89b1362efe76c2685d1d0e8743a46f81431c98f8214be2c638dca5041213132cb2c4c4cb2e4fb48fd9f73ec7da0c30d8d965f15c142e4d0826c4d89bc1b04d89b1362efe7ee2e8e8268e92b884a5658d8e4e1f05f18ca104284a532e13131385965970707da1658c37e965fc0a57c2a26e24d89b17626c41762e7e7268e923e85d1a84b85970e4f92e0b839285e0a2a121a1f145965965970b2cb13f4b2c6e2cb95c57c88209b13626c4d89b13626c4d8fe54134753ac351e220b9b1f342f858c2f025145090d0e171b2cbf47373658f8ae6be270c413626c5d89b104d89b107f2ae8e87510d468c08210dcd45f07c97c0c68a2a28a284841f50bae17c5f37c51629a2be5a104d89b1762ec4d8826cd878971f82be3743443a85d1d442e6c5bf817c7424514515063e0e17ccf8a108a121af969b17626c4d89b1366fc0c63f2780fc1e230fc15cd346ac1a8d0689885ca8685f02f8a8a1228a2be217c2f9a528428486b8ae0f813626c4d89b3c063e8fa9e10bf2781e2781e23f10571d02e85d1a0f234604850a68a2872f8a171ae0848a122a5a820f92f86b8d142424514242425a121a1ae4b8b104d9b0baf05bd0fc8cf843e278c1e0781e27840d704d0ba1746a354552a1228a2872f92e2f820971a1ae41ca171a28a28ae54212122848a2868686b92871d48dbd0fc9e0781e2789e2781e0791e4799bf06ec0d40d54a1a8d42e85d097041228ae0431c2e0b93e05342450d621d863f9545145704509090914509143434397c5c22c186a789e2799e2789e2789e51efc1e66fc1bf11346e1c681742e85d4508a2842a18c63e0b8a97c54145152d60491f25f0d1434542121212121212122841a1ae0f83e6ec7841e07941b306ec1e66fc1e46fc4c260484d09a3a8ba134210a4a58e087c8be1505094514342c18d7242f89a28a1428484841210a18d0c41f15c9c50c687e0f3379e66ec1bb06fc1bf06fc1bf079882ee3a9d0ea2e84d421421431b18f82e2b9b1410909145143581441c1a1705f2542dc684121212121a10686b9972a2a5868798b6e0f336e0f137e0f337e27bb0c51342eb868508431b1b1cbe25f0b148848a28a18b23435c57c35c50ba122848412121a106391f145151535e150d083516ec1e26dc1e66fc1e3026cee3174268ea75352c4c508b1b18e50f99736291091454317628d0d0d15f13e145150a085090825e094107d8c30d3454295145431c20c3c22f237e0f3360bb360bb3bc174749f5851626263658f83e64214397c0268428a86208343434342e0b9a8a2b8144d09684848a2a0942cf42eca734514252b8318e287e21e47889b105d89b1762ec5d9b1d383d0b11658996365fce7c18a4e822a5a10410686871454b1725c1ca82090942bb1b86bb2d831f4788e9d0d4d150e145970e1147d0fa98346e3b1d8ec26c4d8bb3b1b1d63d208b11658996365965cb8e9c10be126a0a0b4350df0159f51850c6e16217c4821d2086bd85abc9a0703df452245d0fc082142454b963e14242450d09b1362ee09b1367787710d4ea753a0a6c4c458d96210a18b8942f8084218d061b1be0989988e1d434162b10b9294243a144b6295e473ba63b191d4c1a702174788d0d0d0e04b8b9a2a11421528761443b0fb8aec4d893f487438b13132cb1085c1414a8421f22131317a81f010fa45547036363817982c422b8b108274351b69c23d5834e04aac0aa3420830fc8d0d71a1391508b2cb8f78b6e3d84d9dc4d8914d09a135c1962716210850c42e4850f82132e363ea18c687e441d7a301861887d44121a85f02309c18e8d3812ab056250c6861f81a10686a122a1a1a10a18a97020c3ecec2ec4dcca26c482684d4dc3851626210be221439b1391311d45a28fa1f53ea5574683ee147d455854343421706272ed8998a14ba11721a1a1a1a160d15345090850c637e9e9218ec26c5d8a26c4d89b13621a058f5870c421c210ba17c2421438b1991308a3a3068817817983421da2fa8bc42a2848686862e4868410421098d15c0d8c38c685041386c6e1458c6e18613e0aec4de041762086c132243a0fa2c70d962638421170c4216a1f231f1175209a1441a1a1a147e47e075e861868a1a9635f09084262627a3a8a18c7a0b5d8b147a8ec23e82f47d8f715e11631eb25090a4a26c413621b302ec53af1ec6362621884210843842e4a1f110d020a25a142b107c083431cb8632b850c508426262951705e5b42179466792d2cecbbec5ecf6153b3ec267d89d8ba8b830d8ca2a14944d89b984d8bb8b8da9d31c1885c10a10e14143e087050a2082c9098d2b6206820a151a0c5c3872d4514286a1458842e012b6c44f26d48319e463ec4efb2cecf48f50ac4d02e4418d97cd4904361b0d826e1b8f1698b18c48433ff00210a10c42108ae28634514289a1208517635ff00d4345d893d07e8fb9f617a3ee3f67dcfb47ec6c6a2a0d429685090a0827505f6da143498cb068f259f658f73444c3998960fa9f533684c418a6cb1c0de9706a04d8a2ec5dc330fa1e06184e194243189884cb14a10a1f3a284d1d44344295e51bf27a9ea3f67d8fbc7ee68c9e87dcfb0bd8bd9ec35942450d0d0d4286848a10822cd83163a639dd31c3cb1e6cb642f11b605ba351af063d188c6a3a83dcb7030fd1f63d057ecbf4bc1da29b3b8db29b2c83040fa17457050e13e2310ba931ca109145084abb15d8a6f26cc9bf25df65df62f653d8fd8bd0bd1eb0af71f4359a8d4693451451421a28a1050b5d8fcd32e325e6469a1a2a7430e269c1a306a34e05543504d0f50658e07af0159e91539dc6ab28b3797b1c63a893a2e14365c109884382f80850d88ec5766dc9bb23dde44c6c66cba48423d04cdec733ee627a1a726bc9ec3e8662bc1d04c50d15e42a50428d152d8c7631de4461740464d0b15b196f46a3560d782aac09ac087d20948d8c383765884a145315c1f65565565b792d31b3a8a2d0fa1e0dca63729884c421884214571612bb10af233391b9cb1f9c8f59714951ed035d8b62d22a466dcce8811ba349a8fac115257851505145499b72337630781ff00910e92684abc963665459583ccd3816ab02eb0780b0830e2d03db23b0e528485e457e875e8c6caef26f36e4bdbc8ddc21d4618d27a0d0c52c4282142174217263a763f391aec67911b1b741781aae84ae8c8d98c7d18f420aa5b179c8edd9ea6919ba2da28a1346811fa9f58d14548d1450dd0c3d9e04cf3424e820d08579366476ec591af05090b06c8b6b0683c85e3a1a13866b1a1c514242817d0abd1448aaf26dc955e46b3c8ddde67544bdc0e340a08350c430842942173f78a0c7d09df45574215e0f02c6f031b3c84211632b26c18db35e4ca87bac15541346a35e05ae0fa8fc14543ea50d0d7820d458c48d12d21d2b16af23ec23765d782d6b057582a4b05df435d60d4575835e0ac0fb8f71f65833e03f07d4a8bba3c0d182be8586c168bee8bd86e70254d07a9ec6a81b9cd49098a0a10852e105895ba1214837977d09ca44852b1293c9b7231b11b1ae8d1812ab115d60d783560d5830e8632841f828a1cb432e868ba1e0a9318ec4763660f336d1e633181ce863ac15d60aba28e84186186184643f03f30bf027351e3035216af26ea65a6456ecdf8371b302548f30e3e8ea68164a1cb8504214262622f8358176264483e8798acf42fff000aa5a1125a16acd991aec736c4ede8bab021560a44d0d7581f82ba28ac1ab03431454343e04d19082782782bcc3bb10781e235bd0cc605a4b02cd38153a1aa1bab1ced2b8a163a1d8474e0ac4bc1a9b16ad58fb64b58df83760db836605d9bc6acf13bcd62c63e08426210a2c4cb14b13c17224296ad1e07894425279360c7792cdb2ce8f3165a2aa17461607bac0c55829ac145605d0a3434314515e4b50d1425e1e46dc1e26ec0fc1b3079166f46ac08558341e453d7c40981f71310f33ea24351bb23db79322de8f33c60ec36cefcee3e87904cb18cb2f804c4cb2cb10b890dd2788f21e0a4db919becbecbba3c61cba32687d3031d60a6b021560aab1020951450c5842a1a1a1a3e8289b30789e0798ec2b74255d1a706ac148915c63b0e38d06e082668121e86363ee4dc57707d9b380e681f8418eb0c2b716242184c4c4c4c5084262970781e42882412ecb3a3ea781e46fc17e835b5812ab02e9829ac14d604bc178f947050d59b07e617e44a7d4fa9575054391861a3dc7b108250bd18883f65fd89766e16ae0db92cbc8eb22b392c6f32e7a41ae371cea3962354b432a5098826262622e84c4e0e14a68df63db033f43c0b3a1bd0f0154c0b54574780a0a5f3a8634523e82f27d0af05c0c71861861cee56448b19f53d05ec57ecbf461762ecee7fe815636e475b237c5f50da9de05d4c618a8b2c4104c6131059e62109899b81c3f51f92ecba84d302f225128f0179153f46c6a1535c5871c6f7801b28b1b87dcf41dbb1afb35438413629595de4cec8c7791be09c4fa9dcce843460c6b07d06186a0e2c42131489c563704e4631217815ba10ba107d0aa2bc83c385fe9ef8b0fb1c6d8f063630c31e837392cd884f05c21a85126255e4bef231d8fbcf32e84d47a9651a7069c1af06bc4106a4728272244854318d8fd0988411b2a453f0504508ac70b9bf9dc3f82cc47b0d06868ef03f43f71ccf03ea789a048485246dc8fb0f5791592f6c7c509ae15a0d06bc1a70681a8399c31216383512961b1f0131b43d896a05085021737fa47363e36384db1a1a1c3b0f919bb12144fc98742c08503dde4dd916af22158e6637cdc7d1a0d188749a3020b52b91ca45082f90605898e0c638b8748b0989c5962620827c97e8df16c6c6cc8686a471b67719a214122832fb095635766dc89b64dc3199677f09746a350ba1342ea298f80ec5702f12c9a2e142418ca8241318613d172909097c285f1b86f8b96868686a0e0c3c5762cb5025e08b109a11171912af2577918ef23dde4edf07fe9ba13426a571f421e906c6931c28ba1041098d88b918fa0a0a10a09ca90909097150a50be36c6f8387c1a1a9186e2ab715d172d7b14a79159c975e467619bb13626c7cd1d4ea741b468341ef02d727d8691658421c4629516262108a1caa1a2a4428a42e452a50b82e2d97f2be60b6c791218842ecafb3798dd31c3c961420bb1763dfc0f068351e86ac9ea2f62f42f47dc618d142435f469c0a286e104d09421a28a1ae628252b9a95f0dcd43e2fe106187dc515085d8b0c66f1a36c6eca2841762ec5df36c78341ec68c9af22f62f42f459d9a432863e8f22aba16c52d884121142658f8d0820b043e6a10a14a170b8ae2f83e2f0ec38e371251e4d94c7073a1e450c62ec5d8bb1f361f46a35e4f735645e85ec7b8b40e0f210a1b2c5a0a1b18795c331751b13e40b5c942952a17c8fe070edc3f6821ba29ec6bbc8f97c28380fb920a26fe043e8787de36ba16cd58340ec60fa189a2c6c62fd153b993d41850a77181ea3b76645427052aebe552be27f0d7315861c8f78284106a04d8c626c51363e747490ce8d069358d34604a96a0d2c61c96308208642c0cb0cb1683243162828a897c6a10b95c18b2cbf4b1865fa3ee2f890718706771771421e842a0518e0bb137cd5163086a3560d78340a54550d81868ba81e4a284588290a8329b0852502f714f804d1a3e15f13085d8cfd85ef827ecf41dbb3ec7a9ec34bf9a65762841a1702c1bd9a4733ec6e5a8d46a16a8e838fa818b83b45429b821f71332ca1486e90c34158da1a1d04345c1fcb6211b46edec4cc63ee3f43f67a1ea3b7620da875e1707df07de090a3ef86edcd8c41363c7e86cc96763e4dcf5341ac4aac43a47a0c63664a2a28a286a132c46cd626928318b3810b847c1a85f229a7b292fbc8c7043ee3f67a1ea3bf67dc4e0a28a24be07b9dc718b507d8d36d36318ec5379f94e46446a17420ba145d098106b70ae6d0d0848b17e9f62eca8284c78ac8ff2b7562d1b7239f72cfd87ecf43d0cc4e45145350bae238b1b326dc8989cae4ee3e84c6c63764df9371dc620bf0212ca13474174743a9d78063e2e1435c04c612c4863e014d220949be2d149b07bbc8edc3631e83f6306637e89c145162d7f043764a2f25b66c42d1dcdc6f6347b0d93ee3f67a1b323b762ec51a828f950908e82e85d705d45a83f817048421211654b66dc96d9aa3d62574214a75f10c3b8186318d0d0c30d0d090a2cd6b3c84aa5c5ca0a2f265097c930d89b8a871b1c10d828c626c5f849a174268e8753a456a2e6be2242468a47b15c7af06ac0b0a108426373704820d0d0d0d0d0d0c30d090ba8b560f03c84ab8329eca2f27b8db64cc4aa0d9781cec310903505831a145d8c482f3514d47a4bd44d0b5c04397f008a065e4ccc9a3cc49128b109965899e82cfc0343434343434347d07e07e067c0d581ae8d229560aae0ca96cdb937e46cdb81aa870b9120d4506289b1a82449b913e06e268eb0d94dd45170a1f17286d43674259e678980858597165962658a02e420c68686868703f07d0fa8fc17560d16852a122eb9517936e4de65b71ea4e28414410c4144828e44d8a20d082f2517d47a1d21d4ea75c2863e2f82c432ae2d4243b1809d098996596597c0368501314a0d0d0c3430f81e5d1794d604ae7427936975e476dcec6392105176762185dc5cce541041a147c6c7ca3a9d21d0d94ab5070870c6310e6cb1316605f0512e04e44267da442c6d09898988272830c3f1c1fd45e4f014ba2b9a5265f79370f2f907157070594876837b1f195b3c4f010f01785f30743ac16a0f70a18e50e197048d4603221703659638b1393ed0b132c71042c41041386187e4fac7e82f0252bcf81085966dc8ddb17298a433c8db81f91621d8ed0b3bc1ab1b3e87e653c0f31363e3b45342ea5e91ea2f70a18e50c6362566a105d1a0988597c189c2cb2cb827e8c316265882f4208dc514515f127b1b730e58a7a1a1f0ca35509063c607819dcec3963c9662f23f2789e06e81366e13821722eb9f7d1ac90870e4e15020a0b45882165971632cb2cfb45682620d81310b131310417a16992c4fe2d08466d1adba633612968687dc195622d41b115e0d0d0b3b636c6dc13330302f03af46cc1e0790925b85cbe0947a9d65e8759f736852f858c4121084263620bd085972d96363a19e99762c5163408262627226267d8fb8bd885f3ba168f267635d96e5a122e86318d0bc8831863b104863e1f664715b133e8f2178c1f43c4df81043641b84d8bb1c543663d644d09a3af190a1f0b842142658e04c68b2e0c51dc34c29da160b131404c4138262620a4208208fd8b96e8523c975e4b6e6bb42552ca3e855430d8c50506187d8d0cfa2d12ba31ea0d05145dc5b0417626c5d8e6cdd09a13507843a841f0d09cb9be0a1383627259658e1645f96229828a19626309c104fd10522fd131408208af716a6cb0498c774c776535812a8631cb0c3630c42c8a0a544e7715fa1789638d814510413626c4d89b10efc1cca0d38348ba954779a117c6c65965c132c704c4cb1b81b318148aa971450d04c4c5217a13140a05021f616af28de9318bc8f74d8845c1c3861863729e1a455301f63ee4aaea58e0f818a29b84d89b104d8a26e50ba3409a3443f099de6be038b2c4c52989c2c6c4ecd368aaeb83872915162082626283ec2170fb1888763e693195b2b3084ae85c1c318c6319459d1e622431b07df15c31c97814513626c4d882ec5d8bb19626bff000d8262a0bd7fc515bf691fd650a7f0a17fe05fc9f847ee7f94bf93fa22fe4feba8ff00050bfa147f9a85fd42fe4ff117f23fe951fe2a3fa02fe4ff00317f23feb17f23feb17f27f9a8ff00350bfa542fe817f27f98bf91ff0040bf917f50bf917f58bf93fa4afe4fc73f73f1e7fd11fe1fe47e49fb8ffa9fe47f9a3fcd1fe2ff0021ff004ffc8fc73f73f3cfdcfc73f73f1cfdc5f8e7fd3f3cfdcfcb3f73f1cfdcfc73f73f3cfdc5fd7ff23fcd0bf14ffa7e69fb9f8a7ee7f9a3f30fdcfcc3f71ff581ed7ff30ef3ff00c97f2773ff009afe45ff0087f90bf24ffa7f8a17e31ff4fc43f73f18fdcfce3f73f38fdcfc63f73f24fdc7fd687f8e7fd1fe39ff0047f8e7fd3f1cfdcfc49ff45fd4ff0023f34fdc7f9a7fd1fe59ff004fe9cbf91bfe05fc9fd650ff00a947f9a87fd023fce47f9c8ff250ff00a943feb145d7f428fe8a8feb887bf8d0ff00f0a33701fe98eb382d1bba68766c7fffd9, '0000-00-00 00:00:00', 99);

-- --------------------------------------------------------

--
-- Table structure for table `post`
--

CREATE TABLE `post` (
  `post_id` int(100) NOT NULL,
  `user_id` int(100) NOT NULL,
  `category_id` int(100) NOT NULL,
  `post_title` varchar(1000) NOT NULL,
  `post_ingredient` varchar(2024) NOT NULL,
  `post_content` varchar(2048) NOT NULL,
  `post_picture` longblob NOT NULL,
  `post_date` date NOT NULL,
  `post_like` int(100) NOT NULL,
  `post_dislike` int(100) NOT NULL,
  `post_view` int(100) NOT NULL
) ENGINE=InnoDB DEFAULT CHARSET=utf8;

--
-- Dumping data for table `post`
--

INSERT INTO `post` (`post_id`, `user_id`, `category_id`, `post_title`, `post_ingredient`, `post_content`, `post_picture`, `post_date`, `post_like`, `post_dislike`, `post_view`) VALUES
(97, 8, 1, 'หมูทอด', 'หมู น้ำมัน', 'เอาไปทอดไง', '', '2023-03-23', 0, 2, 0),
(98, 6, 2, 'มอส', 'มอส', 'เอาไปยำ', '', '2023-03-23', 0, 0, 0),
(99, 4, 3, 'แซลมอนดอง', 'แซลมอน น้ำดอง', 'เอาไปดอง ทำไรเยอะแยะวะ', '', '2023-03-23', 1, 1, 0),
(101, 5, 1, 'King', 'Kuy', 'Kuy Ling', '', '2023-03-23', 1, 0, 0),
(108, 4, 2, 'YandereSword', 'Sword', 'YadereSword', '', '2023-03-25', 2, 0, 7);

-- --------------------------------------------------------

--
-- Table structure for table `rating_post`
--

CREATE TABLE `rating_post` (
  `user_id` int(11) NOT NULL,
  `post_id` int(11) NOT NULL,
  `rating` varchar(30) CHARACTER SET utf8 NOT NULL
) ENGINE=InnoDB DEFAULT CHARSET=latin1;

--
-- Dumping data for table `rating_post`
--

INSERT INTO `rating_post` (`user_id`, `post_id`, `rating`) VALUES
(4, 97, '-1'),
(4, 99, '-1'),
(4, 101, '1'),
(4, 108, '1'),
(5, 97, '-1'),
(5, 99, '1'),
(5, 108, '1');

-- --------------------------------------------------------

--
-- Table structure for table `user`
--

CREATE TABLE `user` (
  `user_id` int(100) NOT NULL,
  `user_username` varchar(64) NOT NULL,
  `user_password` varchar(64) NOT NULL,
  `user_name` varchar(64) NOT NULL,
  `user_email` varchar(64) NOT NULL,
  `user_role` varchar(1) NOT NULL,
  `user_fname` varchar(100) NOT NULL,
  `user_lname` varchar(100) NOT NULL,
  `user_phone` int(10) NOT NULL,
  `user_exp` varchar(255) NOT NULL,
  `user_des` varchar(255) NOT NULL,
  `user_country` varchar(100) NOT NULL,
  `user_state` varchar(100) NOT NULL,
  `user_pic` longblob NOT NULL
) ENGINE=InnoDB DEFAULT CHARSET=utf8;

--
-- Dumping data for table `user`
--

INSERT INTO `user` (`user_id`, `user_username`, `user_password`, `user_name`, `user_email`, `user_role`, `user_fname`, `user_lname`, `user_phone`, `user_exp`, `user_des`, `user_country`, `user_state`, `user_pic`) VALUES
(4, 'admin', '8dc9fa69ec51046b4472bb512e292d959edd2aef', 'ADMIN', 'admin@email.com', 'a', '', '', 0, '', '', '', '', ''),
(5, 'member', 'b54df48c4c77522382a5a3c2f0358573ad43746e', 'MEMBER', 'member@email.com', 'm', '', '', 0, '', '', '', '', ''),
(6, 'a', '86f7e437faa5a7fce15d1ddcb9eaeaea377667b8', 'A', 'a@gmail.com', 'a', '', '', 0, '', '', '', '', ''),
(8, 'm', '6b0d31c0d563223024da45691584643ac78c96e8', 'M', 'm@email.com', 'm', '', '', 0, '', '', '', '', ''),
(9, 'TESTER', 'ff4c7367e4da28145902749e950f81039557c4be', 'TESTER', 'TEST@gmail.com', 'm', '', '', 0, '', '', '', '', '');

--
-- Indexes for dumped tables
--

--
-- Indexes for table `category`
--
ALTER TABLE `category`
  ADD PRIMARY KEY (`category_id`);

--
-- Indexes for table `comment`
--
ALTER TABLE `comment`
  ADD PRIMARY KEY (`comment_id`),
  ADD KEY `post_id` (`post_id`),
  ADD KEY `user_id` (`user_id`);

--
-- Indexes for table `images_post`
--
ALTER TABLE `images_post`
  ADD PRIMARY KEY (`id`),
  ADD KEY `post_id` (`post_id`);

--
-- Indexes for table `post`
--
ALTER TABLE `post`
  ADD PRIMARY KEY (`post_id`),
  ADD KEY `user_id` (`user_id`),
  ADD KEY `post_ibfk_2` (`category_id`);

--
-- Indexes for table `rating_post`
--
ALTER TABLE `rating_post`
  ADD UNIQUE KEY `UC_rating_info` (`user_id`,`post_id`);

--
-- Indexes for table `user`
--
ALTER TABLE `user`
  ADD PRIMARY KEY (`user_id`);

--
-- AUTO_INCREMENT for dumped tables
--

--
-- AUTO_INCREMENT for table `category`
--
ALTER TABLE `category`
  MODIFY `category_id` int(100) NOT NULL AUTO_INCREMENT, AUTO_INCREMENT=5;

--
-- AUTO_INCREMENT for table `comment`
--
ALTER TABLE `comment`
  MODIFY `comment_id` int(100) NOT NULL AUTO_INCREMENT, AUTO_INCREMENT=73;

--
-- AUTO_INCREMENT for table `images_post`
--
ALTER TABLE `images_post`
  MODIFY `id` int(11) NOT NULL AUTO_INCREMENT, AUTO_INCREMENT=29;

--
-- AUTO_INCREMENT for table `post`
--
ALTER TABLE `post`
  MODIFY `post_id` int(100) NOT NULL AUTO_INCREMENT, AUTO_INCREMENT=110;

--
-- AUTO_INCREMENT for table `user`
--
ALTER TABLE `user`
  MODIFY `user_id` int(100) NOT NULL AUTO_INCREMENT, AUTO_INCREMENT=10;

--
-- Constraints for dumped tables
--

--
-- Constraints for table `comment`
--
ALTER TABLE `comment`
  ADD CONSTRAINT `comment_ibfk_1` FOREIGN KEY (`post_id`) REFERENCES `post` (`post_id`);

--
-- Constraints for table `post`
--
ALTER TABLE `post`
  ADD CONSTRAINT `post_ibfk_1` FOREIGN KEY (`user_id`) REFERENCES `user` (`user_id`),
  ADD CONSTRAINT `post_ibfk_2` FOREIGN KEY (`category_id`) REFERENCES `category` (`category_id`);
COMMIT;

/*!40101 SET CHARACTER_SET_CLIENT=@OLD_CHARACTER_SET_CLIENT */;
/*!40101 SET CHARACTER_SET_RESULTS=@OLD_CHARACTER_SET_RESULTS */;
/*!40101 SET COLLATION_CONNECTION=@OLD_COLLATION_CONNECTION */;
